occurrence_date,object_id,identifier,compstat_date,offense,sector,precinct,borough,jurisdiction,xcoord,ycoord,latitude,longitude
2012-06-28 10:00:00,700001,8c408eb0,2012-06-28,GRAND LARCENY,D,20,MANHATTAN,N.Y. POLICE DEPT,989601,222479,40.7773363590001,-73.9806809089999
2012-06-28 10:00:00,700002,17d5d7a3,2012-07-02,GRAND LARCENY,C,24,MANHATTAN,N.Y. POLICE DEPT,993575,228739,40.7945150910001,-73.966323533
2012-06-28 10:00:00,700003,830332c1,2012-06-28,GRAND LARCENY,F,40,BRONX,N.Y. POLICE DEPT,1007034,236608,40.8160888740001,-73.917688689
2012-06-28 10:03:00,700004,423cc12e,2012-06-28,GRAND LARCENY OF MOTOR VEHICLE,D,32,MANHATTAN,N.Y. POLICE DEPT,1001339,236103,40.8147156420001,-73.938264545
2012-06-28 10:15:00,700005,b4364682,2012-06-28,FELONY ASSAULT,E,68,BROOKLYN,N.Y. POLICE DEPT,976833,168961,40.630440553,-74.026722622
2012-06-28 10:30:00,700006,7b2a298f,2012-06-28,GRAND LARCENY,H,60,BROOKLYN,N.Y. POLICE DEPT,981464,148800,40.575105367,-74.0100302279999
2012-06-28 10:30:00,700007,94fa019d,2012-06-28,ROBBERY,N,52,BRONX,N.Y. POLICE DEPT,1016782,260544,40.881755556,-73.8823555609999
2012-06-28 10:40:00,700008,5e020d1f,2012-07-12,FELONY ASSAULT,A,41,BRONX,DEPT OF CORRECTIONS,1016268,227533,40.7911518670001,-73.884371919
2012-06-28 11:00:00,700009,fa7c8663,2012-06-28,FELONY ASSAULT,I,70,BROOKLYN,N.Y. POLICE DEPT,995386,173939,40.64410021,-73.9598736299999
2012-06-28 11:00:00,700010,cfd3885a,2012-06-28,GRAND LARCENY,J,75,BROOKLYN,N.Y. HOUSING POLICE,1016133,178623,40.6569063800001,-73.885091156
2012-06-28 11:00:00,700011,2751b62e,2012-06-28,GRAND LARCENY,G,78,BROOKLYN,N.Y. POLICE DEPT,991739,183816,40.671214245,-73.9730043759999
2012-06-28 11:00:00,700012,cca2b0dd,2012-06-28,GRAND LARCENY,G,94,BROOKLYN,N.Y. POLICE DEPT,996523,204996,40.7293430570001,-73.9557199609999
2012-06-28 11:20:00,700013,1668ac78,2012-06-28,FELONY ASSAULT,B,69,BROOKLYN,N.Y. POLICE DEPT,1010422,174985,40.6469395870001,-73.905688406
2012-06-28 11:30:00,700014,7e663e3a,2012-06-28,ROBBERY,C,81,BROOKLYN,N.Y. POLICE DEPT,1003410,191481,40.692235361,-73.930909851
2012-06-28 11:30:00,700015,c01f3556,2012-06-28,GRAND LARCENY,D,14,MANHATTAN,N.Y. POLICE DEPT,989099,212984,40.75127532,-73.982500299
2012-06-28 11:30:00,700016,96b29f71,2012-06-29,GRAND LARCENY,D,18,MANHATTAN,N.Y. POLICE DEPT,988696,216220,40.760157529,-73.983952679
2012-06-28 11:30:00,700017,5a9e5e08,2012-06-28,GRAND LARCENY,J,114,QUEENS,N.Y. POLICE DEPT,1003793,217035,40.762374015,-73.929454533
2012-06-28 11:40:00,700018,b94d40d0,2012-06-28,GRAND LARCENY,D,69,BROOKLYN,N.Y. POLICE DEPT,1014128,175228,40.6475948410001,-73.892332456
2012-06-28 11:44:00,700019,20aa0c50,2012-07-06,GRAND LARCENY,F,47,BRONX,N.Y. POLICE DEPT,1027734,260143,40.8806077720001,-73.8427523779999
2011-10-24 22:30:00,700020,d8743f63,2011-10-25,BURGLARY,G,88,BROOKLYN,N.Y. POLICE DEPT,991913,191840,40.693238154,-73.972368
2011-10-24 22:30:00,700021,d3095bd5,2011-10-25,GRAND LARCENY,H,94,BROOKLYN,N.Y. POLICE DEPT,995695,201198,40.7189195760001,-73.958713877
2011-10-24 22:30:00,700022,8f487b78,2011-10-25,BURGLARY,J,43,BRONX,N.Y. POLICE DEPT,1020999,244291,40.8371294450001,-73.8671946979999
2011-10-24 22:50:00,700023,a04433d6,2011-10-24,ROBBERY,C,67,BROOKLYN,N.Y. POLICE DEPT,999402,175400,40.6481043800001,-73.945398972
2011-10-24 22:51:00,700024,40bd6680,2011-10-24,FELONY ASSAULT,I,73,BROOKLYN,N.Y. HOUSING POLICE,1010854,182099,40.6664646620001,-73.904103595
2011-10-24 23:00:00,700025,e4de75c1,2011-10-25,GRAND LARCENY OF MOTOR VEHICLE,J,67,BROOKLYN,N.Y. POLICE DEPT,1004394,176572,40.6513113180001,-73.927406068
2011-10-24 23:00:00,700026,ee7413c8,2011-10-25,ROBBERY,M,77,BROOKLYN,N.Y. POLICE DEPT,1005143,182462,40.6674763340001,-73.9246885589999
2011-10-24 23:00:00,700027,f8f5614b,2011-10-25,ROBBERY,C,73,BROOKLYN,N.Y. POLICE DEPT,1007290,183972,40.6716156190001,-73.9169441239999
2011-10-24 23:00:00,700028,29228db6,2011-10-24,ROBBERY,A,88,BROOKLYN,N.Y. POLICE DEPT,993934,188677,40.684554464,-73.9650846449999
2011-10-24 23:00:00,700029,e99060f6,2011-10-25,GRAND LARCENY,G,49,BRONX,N.Y. POLICE DEPT,1028834,254771,40.8658578160001,-73.838810256
2011-10-24 23:10:00,700030,5e403d0a,2011-10-25,FELONY ASSAULT,F,75,BROOKLYN,N.Y. POLICE DEPT,1013646,181481,40.6647595600001,-73.894042144
2011-10-24 23:39:00,700031,ea3a7d32,2011-10-25,FELONY ASSAULT,H,70,BROOKLYN,N.Y. POLICE DEPT,995849,172757,40.64085528,-73.958207273
2011-10-24 23:45:00,700032,f2ea2b02,2011-10-25,FELONY ASSAULT,C,68,BROOKLYN,N.Y. POLICE DEPT,980780,168236,40.628453006,-74.012502417
2011-10-24 23:50:00,700033,ab59578,2011-10-25,BURGLARY,H,14,MANHATTAN,N.Y. POLICE DEPT,986685,215375,40.7578390030001,-73.991212111
2011-11-05 00:00:00,700034,51efd2cb,2011-11-17,GRAND LARCENY,C,83,BROOKLYN,N.Y. POLICE DEPT,1007497,190501,40.6895356960001,-73.9161753829999
2011-11-05 00:00:00,700035,c715fa6f,2011-11-19,GRAND LARCENY,C,102,QUEENS,N.Y. POLICE DEPT,1027794,190784,40.690235882,-73.842984981
2011-11-05 00:00:00,700036,d5dfd011,2011-11-22,GRAND LARCENY,D,49,BRONX,N.Y. POLICE DEPT,1021657,251013,40.8555765770001,-73.864779265
2011-11-05 00:01:00,700037,a9353c21,2011-11-05,GRAND LARCENY,E,101,QUEENS,N.Y. POLICE DEPT,1050201,157794,40.5995471640001,-73.762509828
2011-11-05 00:01:00,700038,df1b9662,2011-11-08,GRAND LARCENY OF MOTOR VEHICLE,D,67,BROOKLYN,N.Y. POLICE DEPT,997976,173170,40.6419858350001,-73.950542308
2011-11-05 00:01:00,700039,1c7b754b,2011-11-09,GRAND LARCENY,M,105,QUEENS,N.Y. POLICE DEPT,1061876,209710,40.7419496640001,-73.719870204
2013-09-05 03:35:00,700040,de1b5d66,2013-09-05,ROBBERY,H,43,BRONX,N.Y. POLICE DEPT,1017663,243304,40.8344336690001,-73.8792555269999
2013-09-05 03:58:00,700041,1079ad5e,2013-09-05,BURGLARY,G,13,MANHATTAN,N.Y. POLICE DEPT,986077,208581,40.739191325,-73.993408584
2013-09-05 04:00:00,700042,31ddf674,2013-09-09,BURGLARY,F,101,QUEENS,N.Y. POLICE DEPT,1046288,156537,40.5961252180001,-73.776612143
2013-09-05 04:00:00,700043,92134751,2013-09-05,FELONY ASSAULT,A,100,QUEENS,N.Y. POLICE DEPT,1039786,157515,40.598852751,-73.800016719
2013-09-05 04:00:00,700044,d16c3615,2013-09-05,FELONY ASSAULT,H,106,QUEENS,N.Y. POLICE DEPT,1034171,187027,40.6798901240001,-73.8200178829999
2013-09-05 04:00:00,700045,99881cc,2013-09-05,BURGLARY,G,20,MANHATTAN,N.Y. POLICE DEPT,990910,224857,40.7838624520001,-73.975952223
2013-09-05 04:00:00,700046,1c7ff2d9,2013-09-05,BURGLARY,G,52,BRONX,N.Y. POLICE DEPT,1013999,254376,40.8648361200001,-73.892447136
2013-09-05 04:00:00,700047,292e129c,2013-09-05,FELONY ASSAULT,,28,MANHATTAN,N.Y. POLICE DEPT,997376,233927,40.8087499040001,-73.9525858059999
2013-09-05 04:10:00,700048,62565330,2013-09-05,BURGLARY,C,75,BROOKLYN,N.Y. POLICE DEPT,1019624,188346,40.6835805600001,-73.872458153
2013-09-05 04:12:00,700049,49a42ad4,2013-09-05,FELONY ASSAULT,J,77,BROOKLYN,N.Y. POLICE DEPT,1005239,185097,40.6747085910001,-73.924334304
2013-09-05 04:20:00,700050,1f3fa0ce,2013-09-05,ROBBERY,A,110,QUEENS,N.Y. POLICE DEPT,1014719,211444,40.7469972490001,-73.8900388929999
2013-09-05 04:24:00,700051,9acbedeb,2013-09-05,FELONY ASSAULT,G,70,BROOKLYN,N.Y. POLICE DEPT,998114,171477,40.6373386980001,-73.950048529
2013-09-05 04:24:00,700052,a7abc45b,2013-09-05,FELONY ASSAULT,G,70,BROOKLYN,N.Y. POLICE DEPT,998114,171477,40.6373386980001,-73.950048529
2013-09-05 04:30:00,700053,103f7ea9,2013-09-05,ROBBERY,C,61,BROOKLYN,N.Y. TRANSIT POLICE,996967,153279,40.587390656,-73.9542155139999
2013-09-05 04:30:00,700054,f1d44ec0,2013-09-05,GRAND LARCENY OF MOTOR VEHICLE,C,113,QUEENS,N.Y. POLICE DEPT,1048551,184767,40.6735941790001,-73.768194471
2013-09-05 04:30:00,700055,390f537d,2013-09-05,FELONY ASSAULT,G,5,MANHATTAN,N.Y. POLICE DEPT,983903,200257,40.716344152,-74.001253193
2013-09-05 04:30:00,700056,727617be,2013-09-05,BURGLARY,C,34,MANHATTAN,N.Y. POLICE DEPT,1004405,253314,40.8619483680001,-73.927136388
2013-09-05 04:40:00,700057,2cd8c6cc,2013-09-05,BURGLARY,E,101,QUEENS,N.Y. POLICE DEPT,1050938,155632,40.593607417,-73.7598772219999
2013-09-05 04:40:00,700058,b4107713,2013-09-05,RAPE,F,73,BROOKLYN,N.Y. HOUSING POLICE,1008276,183623,40.670655072,-73.91339092
2013-09-05 04:43:00,700059,456de3df,2013-09-05,FELONY ASSAULT,C,62,BROOKLYN,N.Y. POLICE DEPT,983393,158818,40.602603179,-74.0030876609999
2012-02-21 07:00:00,700060,9202b027,2012-02-21,GRAND LARCENY,I,114,QUEENS,N.Y. POLICE DEPT,1002457,213000,40.7513018220001,-73.934288191
2012-02-21 07:00:00,700061,2f808344,2012-05-24,GRAND LARCENY,E,43,BRONX,N.Y. POLICE DEPT,1018695,239982,40.8253117740001,-73.875543208
2012-02-21 07:15:00,700062,7abc0486,2012-02-21,FELONY ASSAULT,J,43,BRONX,N.Y. POLICE DEPT,1022442,245283,40.8398460720001,-73.8619742179999
2012-02-21 07:30:00,700063,5ba0d3e4,2012-02-21,BURGLARY,K,45,BRONX,N.Y. POLICE DEPT,1026575,244576,40.837886724,-73.847041901
2012-02-21 07:30:00,700064,6e06eec4,2012-02-21,BURGLARY,H,50,BRONX,N.Y. POLICE DEPT,1009666,262492,40.8871255660001,-73.9080818309999
2012-02-21 07:35:00,700065,75323641,2012-02-22,BURGLARY,H,41,BRONX,N.Y. POLICE DEPT,1014898,240241,40.826036645,-73.8892615029999
2012-02-21 07:50:00,700066,8afbc98e,2012-02-21,FELONY ASSAULT,C,19,MANHATTAN,N.Y. POLICE DEPT,996349,222907,40.778504447,-73.956315535
2012-02-21 08:00:00,700067,f10b8f55,2012-03-07,GRAND LARCENY,C,105,QUEENS,N.Y. POLICE DEPT,1057611,180316,40.6613067860001,-73.7355815299999
2012-02-21 08:00:00,700068,b8d3ebbb,2012-03-16,GRAND LARCENY,M,77,BROOKLYN,N.Y. POLICE DEPT,1004580,183838,40.671254457,-73.926713851
2012-02-21 08:30:00,700069,2962c5a7,2012-02-21,FELONY ASSAULT,A,75,BROOKLYN,N.Y. POLICE DEPT,1013995,187170,40.6803734150001,-73.892759054
2012-02-21 08:30:00,700070,82ae4273,2012-02-21,GRAND LARCENY,E,14,MANHATTAN,N.Y. POLICE DEPT,989361,214512,40.7554691460001,-73.98155352
2012-02-21 09:00:00,700071,e3b0a181,2012-03-31,GRAND LARCENY,G,101,QUEENS,N.Y. HOUSING POLICE,1043643,155650,40.5937087080001,-73.78614414
2012-02-21 09:00:00,700072,3f242617,2012-02-21,BURGLARY,E,72,BROOKLYN,N.Y. POLICE DEPT,982725,174740,40.646305651,-74.005496857
2012-02-21 09:00:00,700073,26d6bb0f,2013-12-11,GRAND LARCENY,F,102,QUEENS,N.Y. POLICE DEPT,1032686,195689,40.703673522,-73.825309561
2012-02-21 09:00:00,700074,8ea3666f,2012-02-21,GRAND LARCENY,I,115,QUEENS,N.Y. POLICE DEPT,1020535,214241,40.754652349,-73.8690339
2012-02-21 09:00:00,700075,71d57e1,2012-02-21,GRAND LARCENY,B,20,MANHATTAN,N.Y. POLICE DEPT,987746,220076,40.7707416810001,-73.987379899
2012-02-21 09:00:00,700076,ff8d9350,2012-02-21,GRAND LARCENY,F,20,MANHATTAN,N.Y. POLICE DEPT,989558,224206,40.7820765450001,-73.9808348029999
2012-02-21 09:00:00,700077,2e7ec22f,2012-03-21,GRAND LARCENY,I,40,BRONX,N.Y. POLICE DEPT,1006998,234379,40.8099709850001,-73.9178263009999
2012-02-21 09:01:00,700078,8cca92e5,2012-03-02,ROBBERY,G,19,MANHATTAN,N.Y. POLICE DEPT,996861,218302,40.765864209,-73.9544754949999
2012-02-21 09:25:00,700079,45d1913f,2012-02-21,BURGLARY,D,9,MANHATTAN,N.Y. POLICE DEPT,987311,204629,40.7283437150001,-73.9889573999999
2012-02-21 09:44:00,700080,394c30c4,2012-02-21,GRAND LARCENY,F,1,MANHATTAN,N.Y. POLICE DEPT,981503,199243,40.713560543,-74.009910388
2013-10-10 17:00:00,700081,22dd9523,2013-10-10,GRAND LARCENY,B,18,MANHATTAN,N.Y. POLICE DEPT,991042,215966,40.759458873,-73.975484557
2013-10-10 17:00:00,700082,e3d8f59b,2013-10-10,GRAND LARCENY,F,26,MANHATTAN,N.Y. POLICE DEPT,998178,238002,40.8199334130001,-73.94968025
2013-10-10 17:00:00,700083,76b25aa6,2013-10-15,GRAND LARCENY OF MOTOR VEHICLE,G,26,MANHATTAN,N.Y. POLICE DEPT,996241,236149,40.814850289,-73.956681848
2013-10-10 17:15:00,700084,b6a3329d,2013-10-11,GRAND LARCENY OF MOTOR VEHICLE,C,121,STATEN ISLAND,N.Y. POLICE DEPT,947264,167623,40.6266939170001,-74.133243244
2013-10-10 17:15:00,700085,a32796f5,2013-10-10,GRAND LARCENY,G,72,BROOKLYN,N.Y. POLICE DEPT,979036,172660,40.6405950930001,-74.018788747
2013-10-10 17:15:00,700086,99a53e09,2013-10-10,GRAND LARCENY,D,14,MANHATTAN,N.Y. POLICE DEPT,987220,212676,40.7504307680001,-73.989282176
2013-10-10 17:15:00,700087,113da979,2013-10-10,FELONY ASSAULT,H,41,BRONX,N.Y. POLICE DEPT,1015150,240413,40.826507857,-73.888350165
2013-10-10 17:30:00,700088,2d6eff00,2013-10-10,GRAND LARCENY,K,61,BROOKLYN,N.Y. POLICE DEPT,995790,161364,40.6095839590001,-73.958439342
2013-10-10 17:30:00,700089,3933fac2,2013-10-10,ROBBERY,E,69,BROOKLYN,N.Y. POLICE DEPT,1012170,168964,40.630407898,-73.899414259
2013-10-10 17:30:00,700090,e9ad6dc8,2013-10-10,ROBBERY,C,41,BRONX,N.Y. POLICE DEPT,1015252,236829,40.8166704400001,-73.8879981649999
2013-10-10 17:58:00,700091,edcf0d,2013-10-10,BURGLARY,A,115,QUEENS,N.Y. POLICE DEPT,1022997,215835,40.7590170220001,-73.860138354
2013-10-10 18:00:00,700092,9eb382d3,2013-11-17,BURGLARY,K,122,STATEN ISLAND,N.Y. POLICE DEPT,950385,147411,40.5712285920001,-74.121898551
2013-10-10 18:00:00,700093,588b8aa7,2013-10-24,GRAND LARCENY,G,1,MANHATTAN,N.Y. POLICE DEPT,982117,201543,40.719873663,-74.007696305
2013-10-10 18:00:00,700094,b9a4b3db,2013-10-11,ROBBERY,A,9,MANHATTAN,N.Y. HOUSING POLICE,991204,201754,40.720450333,-73.9749144799999
2013-10-10 18:00:00,700095,c665e627,2013-10-14,GRAND LARCENY,D,10,MANHATTAN,N.Y. POLICE DEPT,983229,210993,40.7458117950001,-74.0036861689999
2013-10-10 18:00:00,700096,3d8de6bd,2013-10-10,ROBBERY,A,115,QUEENS,N.Y. POLICE DEPT,1021013,216795,40.7616604450001,-73.867294638
2013-10-10 18:15:00,700097,53b128e4,2013-10-23,FELONY ASSAULT,A,69,BROOKLYN,N.Y. POLICE DEPT,1009508,173530,40.6429485800001,-73.9089875289999
2013-10-10 18:30:00,700098,a78aa4d,2013-10-14,BURGLARY,D,14,MANHATTAN,N.Y. POLICE DEPT,987473,213443,40.752535901,-73.988368685
2013-10-10 18:30:00,700099,31d844d7,2013-10-11,BURGLARY,J,32,MANHATTAN,N.Y. POLICE DEPT,999943,237471,40.8184730080001,-73.943304631
2013-10-10 18:30:00,700100,ea0d2d92,2013-10-10,ROBBERY,C,62,BROOKLYN,N.Y. POLICE DEPT,983393,158818,40.602603179,-74.0030876609999
2014-10-27 05:00:00,700101,27b776c0,2014-10-27,FELONY ASSAULT,A,34,MANHATTAN,N.Y. POLICE DEPT,1003111,251977,40.858281565,-73.931818262
2014-10-27 05:11:00,700102,fb78ff6b,2014-10-27,RAPE,H,72,BROOKLYN,N.Y. POLICE DEPT,983964,179071,40.6581934320001,-74.0010322429999
2014-10-27 05:15:00,700103,53f93aef,2014-10-27,ROBBERY,E,70,BROOKLYN,N.Y. POLICE DEPT,990526,169514,40.6319593050001,-73.9773904209999
2014-10-27 05:20:00,700104,3f0b593,2014-10-27,BURGLARY,F,6,MANHATTAN,N.Y. POLICE DEPT,983298,207370,40.7358675670001,-74.003436639
2014-10-27 05:27:00,700105,5ac27763,2014-10-27,FELONY ASSAULT,C,52,BRONX,N.Y. POLICE DEPT,1010327,253958,40.863700447,-73.905724473
2014-10-27 05:30:00,700106,3843808d,2014-10-28,GRAND LARCENY,H,75,BROOKLYN,N.Y. POLICE DEPT,1018330,186538,40.6786230920001,-73.877132893
2014-10-27 05:30:00,700107,76c50fc4,2014-10-27,ROBBERY,E,114,QUEENS,N.Y. POLICE DEPT,1004395,214053,40.7541878380001,-73.92729035
2014-10-27 05:30:00,700108,22905ce4,2014-10-29,GRAND LARCENY OF MOTOR VEHICLE,P,46,BRONX,N.Y. POLICE DEPT,1008470,251020,40.855641813,-73.912448753
2014-10-27 06:15:00,700109,c0c99a84,2014-10-27,FELONY ASSAULT,B,102,QUEENS,N.Y. POLICE DEPT,1031076,193779,40.6984396940001,-73.831129539
2014-10-27 06:20:00,700110,f446027b,2014-10-27,ROBBERY,H,109,QUEENS,N.Y. POLICE DEPT,1037323,217106,40.7624311960001,-73.8084166199999
2014-10-27 06:30:00,700111,31b6ef7a,2014-10-27,FELONY ASSAULT,H,109,QUEENS,N.Y. POLICE DEPT,1037348,217356,40.76311723,-73.8083243999999
2014-10-27 06:50:00,700112,570d64eb,2014-10-27,FELONY ASSAULT,D,48,BRONX,N.Y. POLICE DEPT,1015600,246925,40.8443798180001,-73.886693742
2014-10-27 06:55:00,700113,87dc0339,2014-11-07,BURGLARY,G,17,MANHATTAN,N.Y. POLICE DEPT,993045,215899,40.7592732100001,-73.968254471
2014-10-27 07:00:00,700114,c610f5b9,2014-11-07,GRAND LARCENY,N,75,BROOKLYN,N.Y. POLICE DEPT,1016506,176978,40.6523898670001,-73.883754686
2014-10-27 07:00:00,700115,cb226d96,2014-10-27,ROBBERY,I,73,BROOKLYN,N.Y. POLICE DEPT,1011000,182708,40.6681357910001,-73.9035749019999
2014-10-27 07:00:00,700116,e73d5582,2014-11-04,BURGLARY,J,107,QUEENS,N.Y. POLICE DEPT,1035793,201346,40.7191830580001,-73.8140604119999
2014-10-27 07:00:00,700117,87f5c70b,2014-10-28,GRAND LARCENY OF MOTOR VEHICLE,D,33,MANHATTAN,N.Y. POLICE DEPT,1000665,246136,40.8422546360001,-73.940674937
2014-10-27 07:20:00,700118,f6bcf877,2014-10-27,BURGLARY,H,62,BROOKLYN,N.Y. POLICE DEPT,984086,165781,40.6217152230001,-74.000592206
2014-10-27 07:20:00,700119,c7bbfd60,2014-10-27,GRAND LARCENY,J,90,BROOKLYN,N.Y. POLICE DEPT,1001998,197770,40.7095001370001,-73.9359849959999
2014-10-27 07:30:00,700120,c282e82b,2014-12-17,RAPE,A,107,QUEENS,N.Y. POLICE DEPT,1036790,205267,40.7299393640001,-73.810433142
2014-10-27 07:30:00,700121,3d23d931,2014-10-27,FELONY ASSAULT,E,23,MANHATTAN,N.Y. HOUSING POLICE,999452,228508,40.7938729040001,-73.945098846
2011-02-16 22:30:00,700122,4b29476a,2011-02-22,ROBBERY,E,42,BRONX,N.Y. POLICE DEPT,1014334,242209,40.831440178,-73.89129057
2011-02-16 23:00:00,700123,ced36d2b,2011-02-17,FELONY ASSAULT,F,102,QUEENS,N.Y. POLICE DEPT,1033415,196084,40.704753682,-73.822677433
2011-02-16 23:00:00,700124,7e78ada4,2011-02-17,BURGLARY,A,109,QUEENS,N.Y. POLICE DEPT,1033871,210461,40.7442124390001,-73.820926774
2011-02-16 23:00:00,700125,e3d30abf,2011-02-24,GRAND LARCENY,F,19,MANHATTAN,N.Y. POLICE DEPT,993063,216978,40.7622347710001,-73.968188083
2011-02-16 23:00:00,700126,7fadc57f,2011-02-17,BURGLARY,F,44,BRONX,N.Y. POLICE DEPT,1005101,240943,40.827991995,-73.924658651
2011-02-16 23:00:00,700127,1bd811e5,2011-02-16,ROBBERY,G,43,BRONX,N.Y. POLICE DEPT,1025659,241359,40.8290613390001,-73.8503721119999
2011-02-16 23:02:00,700128,b1e5413e,2011-02-17,GRAND LARCENY,D,69,BROOKLYN,N.Y. POLICE DEPT,1014793,173241,40.64213869,-73.889945046
2011-02-16 23:05:00,700129,591ec5d9,2011-02-17,ROBBERY,C,23,MANHATTAN,N.Y. HOUSING POLICE,997920,227368,40.7907464140001,-73.9506340419999
2011-02-16 23:15:00,700130,c10fdca2,2011-02-17,ROBBERY,E,63,BROOKLYN,N.Y. POLICE DEPT,1005877,168276,40.628537082,-73.922088195
2011-02-16 23:30:00,700131,1a914cc2,2011-02-18,BURGLARY,K,122,STATEN ISLAND,N.Y. POLICE DEPT,947732,148200,40.57338371,-74.1314522769999
2011-02-16 23:30:00,700132,4ca82bf,2011-02-17,FELONY ASSAULT,N,67,BROOKLYN,N.Y. POLICE DEPT,1004500,180655,40.662518015,-73.927011804
2011-02-16 23:30:00,700133,7ea1187,2011-02-18,GRAND LARCENY OF MOTOR VEHICLE,E,48,BRONX,N.Y. POLICE DEPT,1018410,245315,40.839950419,-73.8765458249999
2011-03-09 00:00:00,700134,7fb8ae92,2011-04-23,GRAND LARCENY,K,32,MANHATTAN,N.Y. HOUSING POLICE,1000641,237827,40.8194488610001,-73.940781977
2011-03-09 00:00:00,700135,d69a5495,2012-07-25,RAPE,C,52,BRONX,N.Y. POLICE DEPT,1017542,255919,40.8690585320001,-73.8796301479999
2011-03-09 00:01:00,700136,6271924e,2011-03-09,GRAND LARCENY,F,68,BROOKLYN,N.Y. POLICE DEPT,978972,168177,40.6282901710001,-74.0190158469999
2011-03-09 00:01:00,700137,97bce1a,2011-04-11,GRAND LARCENY,A,113,QUEENS,N.Y. POLICE DEPT,1041699,182679,40.667910217,-73.7929138279999
2011-03-09 00:01:00,700138,6848bda3,2011-06-01,FELONY ASSAULT,G,75,BROOKLYN,N.Y. POLICE DEPT,1016152,183429,40.6700977090001,-73.884999937
2011-03-09 00:01:00,700139,897fd743,2011-06-01,FELONY ASSAULT,G,75,BROOKLYN,N.Y. POLICE DEPT,1016152,183429,40.6700977090001,-73.884999937
2011-03-09 00:15:00,700140,aca420c,2011-03-09,FELONY ASSAULT,H,73,BROOKLYN,N.Y. HOUSING POLICE,1010869,183398,40.6700300810001,-73.904044397
2011-03-09 00:15:00,700141,baa4bc72,2011-03-09,ROBBERY,I,115,QUEENS,N.Y. POLICE DEPT,1022862,212950,40.75109903,-73.860642223
2011-02-28 09:30:00,700142,b9aabbab,2011-02-28,BURGLARY,K,67,BROOKLYN,N.Y. POLICE DEPT,1004460,174124,40.6445919390001,-73.9271755509999
2013-05-29 08:00:00,700171,59dc507d,2013-06-13,GRAND LARCENY,G,17,MANHATTAN,N.Y. POLICE DEPT,993166,215385,40.757862291,-73.9678183839999
2011-02-28 09:30:00,700143,c0d04299,2011-02-28,GRAND LARCENY OF MOTOR VEHICLE,E,109,QUEENS,N.Y. POLICE DEPT,1030197,213404,40.7523100720001,-73.834165545
2011-02-28 09:30:00,700144,99118278,2011-03-30,FELONY ASSAULT,A,41,BRONX,N.Y. POLICE DEPT,1017933,232218,40.804004719,-73.8783354609999
2011-02-28 09:30:00,700145,623836fd,2011-03-01,GRAND LARCENY,H,52,BRONX,N.Y. POLICE DEPT,1014994,256310,40.870140948,-73.888840951
2011-02-28 09:39:00,700146,c3b2341,2011-02-28,BURGLARY,F,52,BRONX,N.Y. POLICE DEPT,1014378,255938,40.8691220470001,-73.89106988
2011-02-28 09:40:00,700147,8c11f9f6,2011-02-28,BURGLARY,E,69,BROOKLYN,N.Y. POLICE DEPT,1011313,169770,40.6326228560001,-73.902498532
2011-02-28 09:40:00,700148,d194e7b8,2011-02-28,BURGLARY,D,33,MANHATTAN,N.Y. POLICE DEPT,1000669,247149,40.845035017,-73.940658001
2011-02-28 10:00:00,700149,291e5d93,2011-03-28,GRAND LARCENY,D,110,QUEENS,N.Y. POLICE DEPT,1019104,211659,40.747571174,-73.8742123439999
2011-02-28 10:00:00,700150,c904c597,2011-02-28,BURGLARY,M,109,QUEENS,N.Y. POLICE DEPT,1026969,219102,40.7679657840001,-73.845780092
2011-02-28 10:00:00,700151,f1e248ae,2011-03-07,GRAND LARCENY,J,24,MANHATTAN,N.Y. POLICE DEPT,992084,230301,40.798803805,-73.971706566
2011-02-28 10:00:00,700152,c304cdc8,2011-03-01,FELONY ASSAULT,B,48,BRONX,N.Y. POLICE DEPT,1016309,247659,40.846391886,-73.88412771
2011-02-28 10:20:00,700153,6fef1ed,2011-03-02,GRAND LARCENY,B,10,MANHATTAN,N.Y. POLICE DEPT,984276,211026,40.7459024300001,-73.999907616
2011-02-28 10:30:00,700154,505f898a,2011-03-01,GRAND LARCENY OF MOTOR VEHICLE,C,9,MANHATTAN,N.Y. POLICE DEPT,987892,202854,40.7234715500001,-73.9868621209999
2011-02-28 10:30:00,700155,aa73a27f,2011-02-28,BURGLARY,E,110,QUEENS,N.Y. POLICE DEPT,1018809,208610,40.739203595,-73.8752926719999
2011-02-28 10:30:00,700156,dda1f8dd,2011-03-04,GRAND LARCENY,J,109,QUEENS,N.Y. POLICE DEPT,1031963,219018,40.7677096840001,-73.8277517179999
2011-02-28 11:00:00,700157,f6129869,2011-02-28,BURGLARY,E,83,BROOKLYN,N.Y. POLICE DEPT,1005490,193253,40.6970943420001,-73.923403718
2011-02-28 11:00:00,700158,762e183d,2011-02-28,GRAND LARCENY,E,17,MANHATTAN,N.Y. POLICE DEPT,992223,215460,40.7580690460001,-73.971222133
2011-02-28 11:30:00,700159,fa38a9cf,2011-02-28,BURGLARY,I,113,QUEENS,N.Y. POLICE DEPT,1045737,192557,40.694995878,-73.778267893
2011-02-28 11:30:00,700160,904d8431,2011-03-01,GRAND LARCENY,B,112,QUEENS,N.Y. POLICE DEPT,1024740,204188,40.7270411430001,-73.853916855
2011-02-28 11:40:00,700161,b7f008c4,2011-02-28,BURGLARY,P,113,QUEENS,N.Y. POLICE DEPT,1048773,194414,40.70007128,-73.767301775
2013-05-29 07:30:00,700162,c05e3d5c,2013-05-29,GRAND LARCENY OF MOTOR VEHICLE,A,9,MANHATTAN,N.Y. POLICE DEPT,989955,202021,40.721184076,-73.979420094
2013-05-29 07:30:00,700163,51a358d4,2013-05-29,BURGLARY,D,33,MANHATTAN,N.Y. POLICE DEPT,1001280,248429,40.848547083,-73.9384464029999
2013-05-29 07:35:00,700164,cd119b70,2013-05-29,GRAND LARCENY OF MOTOR VEHICLE,C,34,MANHATTAN,N.Y. POLICE DEPT,1004629,252340,40.8592745180001,-73.926329537
2013-05-29 07:45:00,700165,942fad,2013-05-30,BURGLARY,C,105,QUEENS,N.Y. POLICE DEPT,1057378,176126,40.649808131,-73.736466776
2013-05-29 07:55:00,700166,b5d2aa4,2013-05-30,BURGLARY,D,34,MANHATTAN,N.Y. POLICE DEPT,1007868,256767,40.8714172160001,-73.9146046659999
2013-05-29 08:00:00,700167,712bbcbe,2013-06-04,GRAND LARCENY,C,61,BROOKLYN,N.Y. POLICE DEPT,996288,153398,40.5877182360001,-73.956659955
2013-05-29 08:00:00,700168,aab2ebdd,2013-07-02,GRAND LARCENY,M,67,BROOKLYN,N.Y. POLICE DEPT,1007213,178267,40.655956862,-73.917241131
2013-05-29 08:00:00,700169,59f83bee,2013-05-31,GRAND LARCENY,Q,73,BROOKLYN,N.Y. POLICE DEPT,1009739,179555,40.6594852270001,-73.908132383
2013-05-29 08:00:00,700170,9a3da3e6,2013-05-29,GRAND LARCENY,H,115,QUEENS,N.Y. POLICE DEPT,1018728,213899,40.753720877,-73.875557854
2013-05-29 08:00:00,700172,aeac45ec,2013-07-17,GRAND LARCENY,G,45,BRONX,N.Y. POLICE DEPT,1030813,247600,40.8461653790001,-73.831705109
2013-05-29 08:00:00,700173,761f6c66,2013-07-10,GRAND LARCENY,B,48,BRONX,N.Y. HOUSING POLICE,1014114,249086,40.8503162740001,-73.8920549329999
2013-05-29 08:10:00,700174,69215ea8,2013-05-29,ROBBERY,D,49,BRONX,N.Y. POLICE DEPT,1021136,251009,40.8555677900001,-73.8666626419999
2013-05-29 08:15:00,700175,85bd91a7,2013-05-31,GRAND LARCENY,G,20,MANHATTAN,N.Y. POLICE DEPT,990910,224857,40.7838624520001,-73.975952223
2013-05-29 08:15:00,700176,fc7d757f,2013-05-30,FELONY ASSAULT,B,40,BRONX,N.Y. POLICE DEPT,1010774,235171,40.8121342740001,-73.9041827139999
2013-05-29 08:20:00,700177,5b1836e0,2013-05-29,GRAND LARCENY,A,17,MANHATTAN,N.Y. POLICE DEPT,991266,209677,40.7421969800001,-73.97468255
2013-05-29 08:25:00,700178,597491e9,2013-05-29,FELONY ASSAULT,B,28,MANHATTAN,N.Y. POLICE DEPT,997585,230888,40.8004083710001,-73.9518368619999
2013-05-29 08:40:00,700179,6ffc7581,2013-05-29,GRAND LARCENY,D,103,QUEENS,N.Y. POLICE DEPT,1048168,198753,40.7119851630001,-73.7694424859999
2013-05-29 08:45:00,700180,cbc8fc08,2013-05-29,BURGLARY,H,105,QUEENS,N.Y. POLICE DEPT,1058611,192069,40.6935576290001,-73.731847509
2013-05-29 08:45:00,700181,3371d2dd,2013-05-29,ROBBERY,J,40,BRONX,N.Y. POLICE DEPT,1006384,233629,40.8079140020001,-73.920046794
2011-07-17 04:59:00,700182,f2eea7d7,2011-07-17,ROBBERY,D,52,BRONX,N.Y. TRANSIT POLICE,1011612,253618,40.8627633610001,-73.9010801649999
2011-07-17 05:00:00,700183,28e53ca9,2011-07-17,ROBBERY,H,70,BROOKLYN,N.Y. POLICE DEPT,995562,173742,40.6435592650001,-73.959239756
2011-07-17 05:00:00,700184,7d4a4f3f,2011-07-19,GRAND LARCENY OF MOTOR VEHICLE,J,81,BROOKLYN,N.Y. POLICE DEPT,1006657,185894,40.6768927000001,-73.919219646
2011-07-17 05:00:00,700185,9966d64c,2011-07-17,FELONY ASSAULT,B,75,BROOKLYN,N.Y. POLICE DEPT,1015871,186863,40.6795242680001,-73.885996785
2011-07-17 05:00:00,700186,70c7c4d,2011-07-17,ROBBERY,A,81,BROOKLYN,N.Y. POLICE DEPT,1000749,194083,40.6993826070001,-73.9404991279999
2011-07-17 05:00:00,700187,c23cf354,2011-07-17,GRAND LARCENY,H,115,QUEENS,N.Y. POLICE DEPT,1020034,214137,40.754368937,-73.870842766
2011-07-17 05:00:00,700188,f0466d98,2011-07-17,BURGLARY,B,34,MANHATTAN,N.Y. POLICE DEPT,1001398,248640,40.849125988,-73.938019352
2011-07-17 05:10:00,700189,a8d6bdd1,2011-07-17,ROBBERY,F,78,BROOKLYN,N.Y. POLICE DEPT,988337,181356,40.6644643160001,-73.985269724
2011-07-17 05:15:00,700190,a9eefa14,2011-07-17,FELONY ASSAULT,C,44,BRONX,N.Y. POLICE DEPT,1004544,237936,40.8197399310001,-73.926680402
2011-07-17 05:20:00,700191,ff5cdae4,2011-07-17,FELONY ASSAULT,A,115,QUEENS,N.Y. POLICE DEPT,1021756,215354,40.757702153,-73.864620604
2011-07-17 05:25:00,700192,5fb01639,2011-07-17,GRAND LARCENY,E,1,MANHATTAN,N.Y. TRANSIT POLICE,981349,198508,40.711543094,-74.010465578
2011-07-17 05:30:00,700193,a57e31db,2011-07-17,FELONY ASSAULT,F,71,BROOKLYN,N.Y. POLICE DEPT,1001029,182760,40.6683030300001,-73.939517526
2011-07-17 05:40:00,700194,b7f50a73,2011-07-17,FELONY ASSAULT,I,61,BROOKLYN,N.Y. POLICE DEPT,995597,159068,40.6032821570001,-73.9591383009999
2011-07-17 05:50:00,700195,972e5541,2011-07-17,FELONY ASSAULT,K,67,BROOKLYN,N.Y. POLICE DEPT,1004729,174146,40.644651706,-73.9262061539999
2011-07-17 06:30:00,700196,8136aeb8,2011-07-17,FELONY ASSAULT,E,104,QUEENS,N.Y. POLICE DEPT,1009937,194612,40.700812688,-73.9073613479999
2011-07-17 06:30:00,700197,51bbdbba,2011-07-17,ROBBERY,R,114,QUEENS,N.Y. POLICE DEPT,998290,217159,40.7627248150001,-73.949319165
2011-07-17 06:50:00,700198,667f0ec1,2011-07-17,ROBBERY,C,41,BRONX,N.Y. POLICE DEPT,1014776,237838,40.819441517,-73.8897132549999
2011-07-17 06:50:00,700199,52c26270,2011-07-17,ROBBERY,H,44,BRONX,N.Y. POLICE DEPT,1008338,241010,40.8281676550001,-73.912961872
2011-07-17 07:00:00,700200,70cf9fd2,2011-08-18,GRAND LARCENY OF MOTOR VEHICLE,R,120,STATEN ISLAND,N.Y. POLICE DEPT,939256,166386,40.623261562,-74.162083702
2011-07-17 07:00:00,700201,5d5d3d55,2011-07-23,GRAND LARCENY,F,76,BROOKLYN,N.Y. POLICE DEPT,984020,188119,40.6830281750001,-74.000830717
2011-09-18 15:00:00,700202,ee0e4d06,2011-09-19,GRAND LARCENY OF MOTOR VEHICLE,A,46,BRONX,N.Y. POLICE DEPT,1009582,247224,40.8452198000001,-73.908443339
2011-09-18 15:15:00,700203,281fe58b,2011-09-18,GRAND LARCENY,I,88,BROOKLYN,N.Y. POLICE DEPT,989174,191275,40.691689307,-73.982245485
2011-09-18 15:30:00,700204,c243d9dd,2011-09-18,GRAND LARCENY,E,68,BROOKLYN,N.Y. POLICE DEPT,976676,165942,40.622153897,-74.0272848559999
2011-09-18 15:40:00,700205,97b299ee,2011-09-18,ROBBERY,,18,MANHATTAN,N.Y. TRANSIT POLICE,988353,217918,40.764818269,-73.9851897729999
2011-09-18 16:00:00,700206,512bfb6e,2011-09-18,FELONY ASSAULT,M,75,BROOKLYN,N.Y. POLICE DEPT,1020953,182031,40.6662419130001,-73.867700751
2011-09-18 16:00:00,700207,9c2c17ce,2011-09-18,FELONY ASSAULT,B,76,BROOKLYN,N.Y. POLICE DEPT,980058,185367,40.675473567,-74.015114135
2011-09-18 16:00:00,700208,be476beb,2011-09-18,BURGLARY,G,111,QUEENS,N.Y. POLICE DEPT,1057007,215942,40.759096254,-73.737373573
2011-09-18 16:00:00,700209,f1bec6a9,2011-09-18,GRAND LARCENY OF MOTOR VEHICLE,K,43,BRONX,N.Y. POLICE DEPT,1024386,244440,40.8375236630001,-73.85495359
2011-09-18 16:10:00,700210,d13370cc,2011-09-18,GRAND LARCENY,A,5,MANHATTAN,N.Y. POLICE DEPT,985587,198093,40.710404392,-73.9951788669999
2011-09-18 16:10:00,700211,b67605d0,2011-09-18,GRAND LARCENY,C,26,MANHATTAN,N.Y. POLICE DEPT,994794,234716,40.810918949,-73.961911642
2011-09-18 16:30:00,700212,242c58e7,2011-09-18,GRAND LARCENY,D,19,MANHATTAN,N.Y. POLICE DEPT,995727,224947,40.784104536,-73.958557908
2011-09-18 16:40:00,700213,1fcc6eab,2011-09-18,GRAND LARCENY OF MOTOR VEHICLE,J,46,BRONX,N.Y. POLICE DEPT,1009736,250146,40.853239381,-73.907875626
2011-09-18 16:50:00,700214,f104b1f6,2011-09-18,ROBBERY,I,83,BROOKLYN,N.Y. POLICE DEPT,1006035,193764,40.6984955930001,-73.921436635
2011-09-18 16:50:00,700215,b356477c,2011-09-18,GRAND LARCENY,G,18,MANHATTAN,N.Y. POLICE DEPT,988604,217911,40.764798936,-73.984283677
2011-09-18 16:55:00,700216,ff5f32e,2011-09-18,FELONY ASSAULT,B,71,BROOKLYN,N.Y. POLICE DEPT,997696,182041,40.6663352240001,-73.9515335519999
2011-09-18 17:00:00,700217,e75caa1a,2011-09-18,GRAND LARCENY,D,46,BRONX,N.Y. POLICE DEPT,1014295,253237,40.8617089090001,-73.891382086
2011-09-18 17:00:00,700218,890cf8d4,2011-09-19,GRAND LARCENY,G,50,BRONX,N.Y. POLICE DEPT,1008473,260553,40.881806974,-73.912403449
2011-09-18 17:10:00,700219,4e340f97,2011-09-18,GRAND LARCENY,F,83,BROOKLYN,N.Y. POLICE DEPT,1000872,194189,40.6996733220001,-73.940055278
2011-09-18 17:20:00,700220,91ade982,2011-09-18,GRAND LARCENY,,24,MANHATTAN,N.Y. POLICE DEPT,993961,227581,40.7913362780001,-73.964931141
2011-09-18 17:30:00,700221,cec1fb50,2011-09-18,FELONY ASSAULT,G,71,BROOKLYN,N.Y. POLICE DEPT,1002904,181999,40.6662105020001,-73.932760748
2012-01-01 12:00:00,700222,93209730,2012-05-26,GRAND LARCENY,D,19,MANHATTAN,N.Y. POLICE DEPT,996909,223395,40.7798430940001,-73.954292621
2012-01-01 12:00:00,700223,f12e56a8,2014-01-13,RAPE,I,46,BRONX,N.Y. POLICE DEPT,1011881,250411,40.853960274,-73.900120875
2012-01-01 12:00:00,700224,33f1e272,2012-03-20,GRAND LARCENY OF MOTOR VEHICLE,U,109,QUEENS,N.Y. POLICE DEPT,1032198,217060,40.762334218,-73.826917308
2012-01-01 12:15:00,700225,97fab567,2012-01-01,GRAND LARCENY,H,62,BROOKLYN,N.Y. POLICE DEPT,981101,162431,40.6125196080001,-74.011343277
2012-01-01 12:16:00,700226,4f74557a,2012-01-01,GRAND LARCENY,J,81,BROOKLYN,N.Y. POLICE DEPT,1005936,185942,40.677026245,-73.9218188419999
2012-01-01 12:30:00,700227,3f2939a2,2012-01-01,FELONY ASSAULT,P,73,BROOKLYN,N.Y. POLICE DEPT,1009491,177733,40.6544849490001,-73.909033059
2012-01-01 12:34:00,700228,7ffe239b,2012-01-02,GRAND LARCENY,G,17,MANHATTAN,N.Y. POLICE DEPT,993045,215899,40.7592732100001,-73.968254471
2012-01-01 12:50:00,700229,4e7ac7a2,2012-01-01,GRAND LARCENY,E,60,BROOKLYN,N.Y. POLICE DEPT,989209,148689,40.5747997460001,-73.9821505629999
2012-01-01 13:00:00,700230,9dabd72,2012-01-01,GRAND LARCENY,E,60,BROOKLYN,N.Y. POLICE DEPT,988845,148915,40.5754202680001,-73.9834606969999
2012-01-01 13:00:00,700231,67ff57dd,2012-01-01,GRAND LARCENY,G,70,BROOKLYN,N.Y. TRANSIT POLICE,998767,169858,40.6328938410001,-73.9476992099999
2012-01-01 13:00:00,700232,ee985a3e,2012-01-30,BURGLARY,G,66,BROOKLYN,N.Y. POLICE DEPT,990006,173131,40.6418875540001,-73.979260779
2012-01-01 13:00:00,700233,72cfa24f,2012-03-09,GRAND LARCENY OF MOTOR VEHICLE,B,102,QUEENS,N.Y. POLICE DEPT,1031476,191314,40.691671727,-73.829704276
2012-01-01 13:00:00,700234,32f961f5,2012-01-02,GRAND LARCENY,A,52,BRONX,N.Y. POLICE DEPT,1009690,257590,40.873671035,-73.9080136489999
2012-01-01 13:30:00,700235,9380d5e4,2012-01-01,ROBBERY,G,75,BROOKLYN,N.Y. POLICE DEPT,1014909,183185,40.669432376,-73.8894818539999
2012-01-01 13:30:00,700236,9ed53835,2012-02-02,GRAND LARCENY,E,9,MANHATTAN,N.Y. POLICE DEPT,985980,203649,40.725654213,-73.9937598819999
2012-01-01 13:30:00,700237,9179ca62,2012-01-01,GRAND LARCENY,A,30,MANHATTAN,N.Y. POLICE DEPT,996322,238267,40.820663494,-73.956385411
2012-01-01 14:00:00,700238,b3d590d7,2012-01-01,GRAND LARCENY,C,73,BROOKLYN,N.Y. POLICE DEPT,1007359,184946,40.67428885,-73.9166920449999
2012-01-01 14:00:00,700239,9058ce40,2012-01-03,GRAND LARCENY,G,13,MANHATTAN,N.Y. POLICE DEPT,985840,208153,40.738016617,-73.994263916
2011-10-18 12:30:00,700240,35ce1ec,2011-10-18,ROBBERY,K,52,BRONX,N.Y. POLICE DEPT,1017290,259184,40.878020894,-73.880525184
2011-10-18 12:35:00,700241,4e540de6,2011-10-18,GRAND LARCENY,G,115,QUEENS,N.Y. POLICE DEPT,1016047,212416,40.7496604670001,-73.8852415539999
2011-10-18 12:40:00,700242,548d0589,2011-10-18,GRAND LARCENY,K,110,QUEENS,N.Y. TRANSIT POLICE,1027679,214505,40.755344758,-73.843246598
2011-10-18 12:50:00,700243,a77b0e92,2011-10-18,GRAND LARCENY,D,68,BROOKLYN,N.Y. POLICE DEPT,975830,164418,40.6179700710001,-74.0303304559999
2011-10-18 13:00:00,700244,b114d018,2011-10-19,GRAND LARCENY,P,67,BROOKLYN,N.Y. POLICE DEPT,1008789,177637,40.6542234230001,-73.9115634089999
2011-10-18 13:00:00,700245,5716526d,2011-10-21,GRAND LARCENY,A,106,QUEENS,N.Y. POLICE DEPT,1028526,180392,40.661708596,-73.840413715
2011-10-18 13:00:00,700246,f62989b7,2011-10-18,ROBBERY,G,88,BROOKLYN,N.Y. POLICE DEPT,992758,191803,40.6931358260001,-73.969320904
2011-10-18 13:00:00,700247,951ea91c,2011-10-18,ROBBERY,G,90,BROOKLYN,N.Y. HOUSING POLICE,1001438,194908,40.701645727,-73.9380122009999
2011-10-18 13:00:00,700248,1cf67f23,2011-10-18,BURGLARY,K,108,QUEENS,N.Y. POLICE DEPT,1012520,210878,40.745451024,-73.897977452
2011-10-18 13:13:00,700249,7e0f71df,2011-10-18,ROBBERY,A,49,BRONX,N.Y. POLICE DEPT,1020569,249010,40.850083485,-73.868723111
2011-10-18 13:23:00,700250,bc7c0,2011-10-18,BURGLARY,E,49,BRONX,N.Y. POLICE DEPT,1021163,252160,40.8587268250001,-73.866558702
2011-10-18 13:30:00,700251,283bfb32,2011-10-18,ROBBERY,H,68,BROOKLYN,N.Y. POLICE DEPT,974982,166971,40.6249766780001,-74.0333884739999
2011-10-18 13:40:00,700252,6d3d5a39,2011-10-18,GRAND LARCENY,F,10,MANHATTAN,N.Y. POLICE DEPT,984809,214773,40.7561869830001,-73.997983742
2011-10-18 13:40:00,700253,38ba98fa,2011-10-20,GRAND LARCENY,D,43,BRONX,N.Y. POLICE DEPT,1024625,239822,40.824847505,-73.854117661
2011-10-18 13:50:00,700254,349b0af3,2011-10-18,GRAND LARCENY,B,14,MANHATTAN,N.Y. TRANSIT POLICE,990886,213048,40.7514498240001,-73.976050545
2011-10-18 13:50:00,700255,2743afce,2011-10-19,GRAND LARCENY,H,50,BRONX,N.Y. POLICE DEPT,1007926,262964,40.888425897,-73.914373051
2011-10-18 14:00:00,700256,6b46b3b3,2011-10-19,GRAND LARCENY,I,66,BROOKLYN,N.Y. POLICE DEPT,984461,172533,40.640248039,-73.999241162
2011-10-18 14:00:00,700257,bc999116,2011-10-18,GRAND LARCENY,E,88,BROOKLYN,N.Y. POLICE DEPT,991221,188242,40.6833630400001,-73.974867134
2011-10-18 14:00:00,700258,66acd8b,2011-10-18,GRAND LARCENY,E,13,MANHATTAN,N.Y. POLICE DEPT,986871,207724,40.7368388730001,-73.990543709
2011-10-18 14:00:00,700259,d76805cc,2011-10-18,FELONY ASSAULT,I,44,BRONX,N.Y. POLICE DEPT,1007458,243111,40.833936652,-73.916134394
2010-12-16 21:05:00,700260,aba40ee4,2010-12-16,FELONY ASSAULT,I,102,QUEENS,N.Y. POLICE DEPT,1025500,192503,40.694965122,-73.851246434
2010-12-16 21:30:00,700261,a5dbc07,2010-12-16,BURGLARY,K,113,QUEENS,N.Y. POLICE DEPT,1041092,188537,40.683992984,-73.79505248
2010-12-16 21:30:00,700262,bfe58500,2010-12-16,GRAND LARCENY OF MOTOR VEHICLE,G,106,QUEENS,N.Y. POLICE DEPT,1035020,190806,40.6902577660001,-73.8169284589999
2010-12-16 21:40:00,700263,83e088f4,2010-12-16,FELONY ASSAULT,F,50,BRONX,N.Y. POLICE DEPT,1010984,261034,40.8831199200001,-73.9033209689999
2010-12-16 21:50:00,700264,1eea38ec,2010-12-16,ROBBERY,F,26,MANHATTAN,N.Y. POLICE DEPT,997662,235571,40.813261798,-73.95154939
2010-12-16 21:52:00,700265,8ab26fe8,2010-12-20,GRAND LARCENY,A,50,BRONX,N.Y. POLICE DEPT,1014122,261650,40.8848005830001,-73.891970011
2010-12-16 21:55:00,700266,cb0dadce,2010-12-16,GRAND LARCENY,B,14,MANHATTAN,N.Y. POLICE DEPT,990547,212919,40.751095999,-73.977274198
2010-12-16 22:00:00,700267,d958eb39,2010-12-30,GRAND LARCENY,A,113,QUEENS,PORT AUTHORITY,1046367,186986,40.679700408,-73.776047368
2010-12-16 22:00:00,700268,54fed79b,2010-12-17,GRAND LARCENY,H,62,BROOKLYN,N.Y. POLICE DEPT,984140,163034,40.6141752780001,-74.000397641
2010-12-16 22:00:00,700269,38d9cfae,2010-12-17,BURGLARY,H,62,BROOKLYN,N.Y. POLICE DEPT,984298,163775,40.61620917,-73.999828549
2010-12-16 22:00:00,700270,152ecfc0,2010-12-17,GRAND LARCENY,G,66,BROOKLYN,N.Y. POLICE DEPT,992439,173351,40.642489492,-73.970493655
2010-12-16 22:00:00,700271,74b956a5,2010-12-17,GRAND LARCENY OF MOTOR VEHICLE,J,106,QUEENS,N.Y. POLICE DEPT,1035186,182633,40.667823823,-73.816391649
2010-12-16 22:00:00,700272,c435270c,2010-12-17,GRAND LARCENY OF MOTOR VEHICLE,B,75,BROOKLYN,N.Y. POLICE DEPT,1016176,187335,40.680818705,-73.884894919
2010-12-16 22:00:00,700273,d581a436,2010-12-19,GRAND LARCENY,G,5,MANHATTAN,N.Y. TRANSIT POLICE,983125,199091,40.713143696,-74.004059506
2010-12-16 22:00:00,700274,ff9341,2010-12-17,GRAND LARCENY,F,20,MANHATTAN,N.Y. POLICE DEPT,990508,224133,40.781875557,-73.977404518
2010-12-16 22:00:00,700275,57682aa7,2010-12-17,BURGLARY,A,25,MANHATTAN,N.Y. POLICE DEPT,1002065,229163,40.7956658200001,-73.935660162
2010-12-16 22:00:00,700276,705057f4,2010-12-19,GRAND LARCENY OF MOTOR VEHICLE,K,43,BRONX,N.Y. POLICE DEPT,1024422,243394,40.8346525360001,-73.854829755
2010-12-16 22:03:00,700277,3e094e04,2010-12-17,BURGLARY,G,106,QUEENS,N.Y. POLICE DEPT,1034239,189967,40.687959354,-73.819750907
2010-12-16 22:15:00,700278,40d8d3cb,2010-12-16,FELONY ASSAULT,H,60,BROOKLYN,N.Y. POLICE DEPT,983408,149079,40.575871566,-74.003032428
2010-12-16 22:30:00,700279,441c36b4,2010-12-17,GRAND LARCENY OF MOTOR VEHICLE,B,60,BROOKLYN,N.Y. POLICE DEPT,993188,150372,40.5794161330001,-73.967825161
2012-06-15 18:00:00,700280,b1e217b5,2012-06-15,GRAND LARCENY,A,18,MANHATTAN,N.Y. POLICE DEPT,990505,214176,40.754546175,-73.977424615
2012-06-15 18:00:00,700281,3bd44b20,2012-06-16,BURGLARY,F,111,QUEENS,N.Y. POLICE DEPT,1050321,216465,40.7605842410001,-73.7615024799999
2012-06-15 18:00:00,700282,e280d9fb,2012-06-15,GRAND LARCENY,D,20,MANHATTAN,N.Y. POLICE DEPT,990379,222043,40.776139148,-73.977872229
2012-06-15 18:00:00,700283,d100e8ba,2012-06-15,GRAND LARCENY,C,25,MANHATTAN,N.Y. POLICE DEPT,1000033,231677,40.802569927,-73.942993096
2012-06-15 18:00:00,700284,c34965c7,2012-06-15,BURGLARY,C,33,MANHATTAN,N.Y. POLICE DEPT,1001730,246719,40.843852757,-73.9368243329999
2012-06-15 18:04:00,700285,a418c82d,2012-06-15,GRAND LARCENY,E,75,BROOKLYN,N.Y. POLICE DEPT,1013371,182883,40.6686086460001,-73.895027337
2012-06-15 18:10:00,700286,47deeda0,2012-06-15,ROBBERY,H,18,MANHATTAN,N.Y. POLICE DEPT,990879,217248,40.762977758,-73.976071669
2012-06-15 18:10:00,700287,6c92c473,2012-06-15,GRAND LARCENY,A,48,BRONX,N.Y. POLICE DEPT,1014295,253237,40.8617089090001,-73.891382086
2012-06-15 18:20:00,700288,9663f440,2012-06-15,ROBBERY,I,75,BROOKLYN,N.Y. HOUSING POLICE,1019405,182905,40.668647128,-73.873276152
2012-06-15 18:30:00,700289,df2b656,2012-06-15,FELONY ASSAULT,N,75,BROOKLYN,N.Y. POLICE DEPT,1017080,174596,40.6458496880001,-73.881697655
2012-06-15 18:30:00,700290,bf0171b,2012-06-17,GRAND LARCENY,A,1,MANHATTAN,N.Y. POLICE DEPT,982774,198191,40.7106733570001,-74.005325423
2012-06-15 18:30:00,700291,7174d8b9,2012-06-15,GRAND LARCENY,J,45,BRONX,N.Y. POLICE DEPT,1033597,255731,40.868467378,-73.821582846
2012-06-15 18:35:00,700292,1f86101d,2012-06-15,ROBBERY,E,48,BRONX,N.Y. POLICE DEPT,1016531,245903,40.8415713750001,-73.883333769
2012-06-15 18:40:00,700293,532bbd64,2012-10-25,FELONY ASSAULT,A,41,BRONX,DEPT OF CORRECTIONS,1016268,227533,40.7911518670001,-73.884371919
2012-06-15 18:57:00,700294,91f08fda,2012-06-15,FELONY ASSAULT,G,83,BROOKLYN,N.Y. POLICE DEPT,1009438,191145,40.6912980160001,-73.9091739529999
2012-06-15 19:00:00,700295,6a22960e,2012-06-19,BURGLARY,D,123,STATEN ISLAND,N.Y. POLICE DEPT,918301,135293,40.5377865140001,-74.237266378
2012-06-15 19:00:00,700296,f1f9f40b,2012-06-15,GRAND LARCENY,M,105,QUEENS,N.Y. POLICE DEPT,1059287,206384,40.7328430050001,-73.729250242
2012-06-15 19:00:00,700297,877887c4,2012-06-18,GRAND LARCENY,D,10,MANHATTAN,N.Y. POLICE DEPT,983489,211462,40.747099109,-74.0027479
2012-06-15 19:00:00,700298,fc81362c,2012-06-15,GRAND LARCENY,G,14,MANHATTAN,N.Y. POLICE DEPT,987419,213915,40.753831441,-73.9885633649999
2012-06-15 19:00:00,700299,e47b3be4,2012-06-21,BURGLARY,A,48,BRONX,N.Y. POLICE DEPT,1016530,251528,40.857010331,-73.883310302
2011-07-09 08:25:00,700300,3d6023c4,2011-07-09,FELONY ASSAULT,C,109,QUEENS,N.Y. POLICE DEPT,1035109,210965,40.7455887570001,-73.8164552219999
2011-07-09 08:30:00,700301,beacdaca,2011-07-10,BURGLARY,P,122,STATEN ISLAND,N.Y. POLICE DEPT,943852,154762,40.5913782490001,-74.1454579919999
2011-07-09 08:30:00,700302,dc093a54,2011-07-09,ROBBERY,A,84,BROOKLYN,N.Y. TRANSIT POLICE,986754,191591,40.6925576690001,-73.990971896
2011-07-09 08:30:00,700303,9ba94084,2011-07-09,BURGLARY,B,84,BROOKLYN,N.Y. POLICE DEPT,986080,193091,40.6966749870001,-73.993401966
2011-07-09 08:30:00,700304,bb5b093b,2011-07-09,GRAND LARCENY OF MOTOR VEHICLE,J,110,QUEENS,N.Y. POLICE DEPT,1024668,210749,40.745049776,-73.85413721
2011-07-09 08:30:00,700305,6238ee0a,2011-07-09,BURGLARY,D,40,BRONX,N.Y. POLICE DEPT,1009903,236353,40.8153811060001,-73.907324708
2011-07-09 08:50:00,700306,78f45006,2011-07-09,ROBBERY,C,30,MANHATTAN,N.Y. STATE PARKS,997531,240601,40.8270679280001,-73.952012686
2011-07-09 09:00:00,700307,ab5e3712,2011-07-15,GRAND LARCENY,C,90,BROOKLYN,N.Y. HOUSING POLICE,994403,196048,40.704785627,-73.9633825019999
2011-07-09 09:00:00,700308,c46d48ef,2011-07-10,GRAND LARCENY,D,46,BRONX,N.Y. TRANSIT POLICE,1012539,253107,40.861357899,-73.897730961
2011-07-09 09:05:00,700309,728db272,2011-07-19,ROBBERY,A,50,BRONX,N.Y. POLICE DEPT,1011470,259560,40.8790727640001,-73.901569396
2011-07-09 09:15:00,700310,941928f5,2011-07-10,GRAND LARCENY,J,107,QUEENS,N.Y. POLICE DEPT,1036708,203959,40.7263497170001,-73.810739199
2011-07-09 09:15:00,700311,bda664a1,2011-07-10,GRAND LARCENY,B,108,QUEENS,N.Y. TRANSIT POLICE,999520,211112,40.746125297,-73.9448927839999
2011-07-09 09:15:00,700312,3fac4648,2011-07-09,GRAND LARCENY,E,17,MANHATTAN,N.Y. TRANSIT POLICE,992033,215119,40.7571332580001,-73.971908352
2011-07-09 09:15:00,700313,289a07c1,2011-07-09,BURGLARY,A,40,BRONX,N.Y. POLICE DEPT,1006853,233369,40.807199186,-73.9183535019999
2011-07-09 09:30:00,700314,44558730,2011-07-11,GRAND LARCENY,D,13,MANHATTAN,N.Y. POLICE DEPT,988545,208820,40.7398464680001,-73.9845024699999
2011-07-09 09:30:00,700315,f9f47fd2,2011-07-15,GRAND LARCENY OF MOTOR VEHICLE,P,114,QUEENS,N.Y. POLICE DEPT,1002904,218270,40.7657656910001,-73.932660243
2011-07-09 09:30:00,700316,898ad181,2011-07-09,BURGLARY,A,42,BRONX,N.Y. POLICE DEPT,1012728,246347,40.8428031080001,-73.8970764009999
2011-07-09 09:58:00,700317,2845bbdb,2011-07-09,GRAND LARCENY,D,33,MANHATTAN,N.Y. POLICE DEPT,1001452,248252,40.8480609370001,-73.937825162
2011-07-09 10:00:00,700318,8b802528,2011-07-18,BURGLARY,R,122,STATEN ISLAND,N.Y. POLICE DEPT,940940,161438,40.609688739,-74.155985688
2011-07-09 10:00:00,700319,bc6a7553,2011-07-09,FELONY ASSAULT,G,67,BROOKLYN,N.Y. POLICE DEPT,1001520,173882,40.643933922,-73.9377703339999
2012-06-28 11:45:00,700320,a86eea14,2012-06-28,GRAND LARCENY,H,18,MANHATTAN,N.Y. POLICE DEPT,988993,218612,40.7667228,-73.982878908
2012-06-28 11:50:00,700321,598400fa,2012-07-01,GRAND LARCENY,F,69,BROOKLYN,N.Y. POLICE DEPT,1013227,171911,40.638493388,-73.8955935609999
2012-06-28 12:00:00,700322,861547d1,2012-08-31,BURGLARY,B,66,BROOKLYN,N.Y. POLICE DEPT,990627,166800,40.6245098730001,-73.9770291039999
2012-06-28 12:00:00,700323,b2130135,2012-07-19,GRAND LARCENY,A,105,QUEENS,N.Y. POLICE DEPT,1044912,181276,40.664037874,-73.78134453
2012-06-28 12:00:00,700324,880fc36d,2012-06-29,BURGLARY,D,113,QUEENS,N.Y. POLICE DEPT,1049954,184345,40.672425586,-73.763140753
2012-06-28 12:00:00,700325,464852c3,2012-07-10,BURGLARY,J,81,BROOKLYN,N.Y. POLICE DEPT,1005570,186646,40.678959455,-73.923136122
2012-06-28 12:00:00,700326,edcf695d,2012-08-30,BURGLARY,K,79,BROOKLYN,N.Y. POLICE DEPT,996351,192735,40.695689767,-73.95636258
2012-06-28 12:00:00,700327,13690b4a,2012-10-12,GRAND LARCENY,B,103,QUEENS,N.Y. POLICE DEPT,1040904,197433,40.7084115800001,-73.7956555059999
2012-06-28 12:00:00,700328,3f1024de,2012-07-25,GRAND LARCENY,B,112,QUEENS,N.Y. POLICE DEPT,1026819,201907,40.7207705980001,-73.8464304359999
2012-06-28 12:00:00,700329,dafaad0a,2012-07-10,GRAND LARCENY,F,10,MANHATTAN,N.Y. POLICE DEPT,986034,216057,40.7597110740001,-73.99356177
2012-06-28 12:00:00,700330,39b28b79,2012-06-28,BURGLARY,J,109,QUEENS,N.Y. POLICE DEPT,1031182,217832,40.7644586070001,-73.830579497
2012-06-28 12:00:00,700331,4e84037d,2012-06-28,BURGLARY,D,48,BRONX,N.Y. HOUSING POLICE,1013667,246291,40.8426463260001,-73.8936829209999
2012-06-28 12:00:00,700332,72f479c5,2012-07-01,GRAND LARCENY,,6,MANHATTAN,N.Y. POLICE DEPT,982752,206772,40.734226128,-74.005406689
2012-06-28 12:30:00,700333,86f6fa8b,2012-06-28,GRAND LARCENY,I,81,BROOKLYN,N.Y. POLICE DEPT,1003918,188145,40.683077693,-73.929087725
2012-06-28 12:30:00,700334,7007930,2012-06-29,GRAND LARCENY,G,90,BROOKLYN,N.Y. POLICE DEPT,1000267,194771,40.701271891,-73.942235786
2012-06-28 12:30:00,700335,f7b1581a,2012-06-28,GRAND LARCENY,A,19,MANHATTAN,N.Y. POLICE DEPT,992958,219422,40.7689430230001,-73.968563949
2012-06-28 12:30:00,700336,4f35a9a4,2012-06-28,GRAND LARCENY,C,40,BRONX,N.Y. POLICE DEPT,1007822,234755,40.8110008400001,-73.9148483549999
2012-06-28 12:35:00,700337,eec597b8,2012-08-08,GRAND LARCENY,B,120,STATEN ISLAND,N.Y. POLICE DEPT,963803,165159,40.6199843680001,-74.07365419
2012-06-28 12:40:00,700338,b01122ca,2012-06-28,GRAND LARCENY,A,19,MANHATTAN,N.Y. POLICE DEPT,993759,218233,40.7656787010001,-73.965673872
2012-06-28 12:40:00,700339,e46a96d9,2012-06-28,FELONY ASSAULT,J,46,BRONX,N.Y. POLICE DEPT,1008240,249430,40.851278365,-73.9132858689999
2012-06-28 12:40:00,700340,94405012,2012-06-28,ROBBERY,,120,STATEN ISLAND,N.Y. POLICE DEPT,962748,174174,40.644726131,-74.0774831589999
2011-11-05 00:10:00,700341,6365a521,2011-11-05,FELONY ASSAULT,B,102,QUEENS,N.Y. POLICE DEPT,1032403,194655,40.700836984,-73.826337633
2011-11-05 00:10:00,700342,aa0e71b7,2011-11-05,FELONY ASSAULT,B,24,MANHATTAN,N.Y. POLICE DEPT,993246,227217,40.7903379520001,-73.9675137789999
2011-11-05 00:20:00,700343,60acf574,2011-11-05,FELONY ASSAULT,C,73,BROOKLYN,N.Y. POLICE DEPT,1006976,184974,40.6743666950001,-73.9180726879999
2011-11-05 00:30:00,700344,82cdbd5b,2011-11-05,GRAND LARCENY,D,123,STATEN ISLAND,N.Y. POLICE DEPT,929538,133375,40.532598401,-74.19682363
2011-11-05 00:30:00,700345,c38a3089,2011-11-05,GRAND LARCENY,E,76,BROOKLYN,N.Y. POLICE DEPT,985482,188137,40.683077498,-73.995559422
2011-11-05 00:30:00,700346,80d7ce21,2011-11-05,GRAND LARCENY,I,18,MANHATTAN,N.Y. POLICE DEPT,984966,217544,40.7637926580001,-73.9974167569999
2011-11-05 00:30:00,700347,65f0513a,2011-11-10,GRAND LARCENY,C,19,MANHATTAN,N.Y. POLICE DEPT,996408,221968,40.775927058,-73.9561042019999
2011-11-05 00:40:00,700348,fda05cee,2011-11-05,ROBBERY,A,113,QUEENS,N.Y. POLICE DEPT,1041332,183652,40.670583252,-73.794228516
2011-11-05 00:40:00,700349,dc551b40,2011-11-05,FELONY ASSAULT,I,102,QUEENS,N.Y. POLICE DEPT,1024537,193228,40.696959513,-73.8547148439999
2011-11-05 00:40:00,700350,a4265aa1,2011-11-05,FELONY ASSAULT,G,50,BRONX,N.Y. POLICE DEPT,1008477,260252,40.8809808120001,-73.912390073
2011-11-05 00:45:00,700351,67053b32,2011-11-05,FELONY ASSAULT,B,104,QUEENS,N.Y. POLICE DEPT,1011365,192916,40.696153306,-73.9022181019999
2011-11-05 01:00:00,700352,6d968dff,2011-11-05,GRAND LARCENY OF MOTOR VEHICLE,D,63,BROOKLYN,N.Y. POLICE DEPT,1007655,164101,40.6170730630001,-73.9156972659999
2011-11-05 01:00:00,700353,afe5b442,2011-11-05,BURGLARY,E,104,QUEENS,N.Y. POLICE DEPT,1009324,194460,40.7003972420001,-73.909572695
2011-11-05 01:00:00,700354,ddd56538,2011-11-05,GRAND LARCENY OF MOTOR VEHICLE,A,90,BROOKLYN,N.Y. POLICE DEPT,994843,198770,40.712256358,-73.961791267
2011-11-05 01:00:00,700355,b04543f8,2011-11-05,GRAND LARCENY,G,1,MANHATTAN,N.Y. POLICE DEPT,982598,201070,40.718575495,-74.005960967
2011-11-05 01:00:00,700356,dc2be22f,2011-11-05,GRAND LARCENY,I,6,MANHATTAN,N.Y. POLICE DEPT,982401,209098,40.740610358,-74.006673844
2011-11-05 01:00:00,700357,93d48b61,2011-11-05,GRAND LARCENY,G,41,BRONX,N.Y. POLICE DEPT,1014249,238403,40.820994087,-73.891614739
2011-11-05 01:00:00,700358,77c4180e,2011-11-07,GRAND LARCENY OF MOTOR VEHICLE,E,48,BRONX,N.Y. POLICE DEPT,1016476,246154,40.842260497,-73.8835313399999
2011-11-05 01:05:00,700359,f3332d3d,2011-11-06,GRAND LARCENY,H,1,MANHATTAN,N.Y. POLICE DEPT,983085,202273,40.721877518,-74.004204344
2011-11-05 01:15:00,700360,8d3f6ec9,2011-11-05,ROBBERY,C,13,MANHATTAN,N.Y. POLICE DEPT,987033,207016,40.734895538,-73.989959434
2013-09-05 05:00:00,700361,2f69abfa,2013-09-07,GRAND LARCENY,G,61,BROOKLYN,N.Y. POLICE DEPT,993894,156698,40.5967790030001,-73.965274575
2013-09-05 05:05:00,700362,3060e32c,2013-09-05,BURGLARY,D,121,STATEN ISLAND,N.Y. POLICE DEPT,947029,167436,40.6261796580001,-74.1340887979999
2013-09-05 05:15:00,700363,4a7b4473,2014-01-28,FELONY ASSAULT,A,41,BRONX,DEPT OF CORRECTIONS,1016268,227533,40.7911518670001,-73.884371919
2013-09-05 05:50:00,700364,6ab9fe3e,2013-09-05,FELONY ASSAULT,,13,MANHATTAN,N.Y. POLICE DEPT,988874,207673,40.73669807,-73.983316026
2013-09-05 06:00:00,700365,a43c08b8,2013-09-16,GRAND LARCENY,I,61,BROOKLYN,N.Y. POLICE DEPT,998486,158178,40.600835117,-73.94873623
2013-09-05 06:15:00,700366,3e9f6fda,2013-09-05,ROBBERY,D,81,BROOKLYN,N.Y. POLICE DEPT,1001931,190301,40.688999611,-73.936246269
2013-09-05 06:30:00,700367,e5c37640,2013-09-05,GRAND LARCENY,C,100,QUEENS,N.Y. POLICE DEPT,1035552,152050,40.583877971,-73.815304767
2013-09-05 06:45:00,700368,c6153e99,2013-09-05,GRAND LARCENY,A,6,MANHATTAN,N.Y. POLICE DEPT,984649,204461,40.727883116,-73.9985618709999
2013-09-05 07:00:00,700369,a757ae09,2013-09-05,BURGLARY,G,84,BROOKLYN,N.Y. POLICE DEPT,988276,189929,40.6879953000001,-73.98548448
2013-09-05 07:30:00,700370,3414fffa,2013-09-07,FELONY ASSAULT,A,115,QUEENS,N.Y. POLICE DEPT,1019899,215112,40.7570456070001,-73.871324865
2013-09-05 07:45:00,700371,8397528c,2013-09-05,BURGLARY,D,67,BROOKLYN,N.Y. POLICE DEPT,999809,172040,40.638881198,-73.943940035
2013-09-05 07:50:00,700372,1625f9ca,2013-09-05,BURGLARY,N,73,BROOKLYN,N.Y. POLICE DEPT,1010991,180092,40.660955481,-73.9036177199999
2013-09-05 07:55:00,700373,d999d448,2013-09-05,BURGLARY,C,68,BROOKLYN,N.Y. POLICE DEPT,981287,168332,40.62871669,-74.010675947
2013-09-05 07:56:00,700374,aa12b71a,2013-09-11,GRAND LARCENY,B,66,BROOKLYN,N.Y. POLICE DEPT,990374,163503,40.6154604720001,-73.977943495
2013-09-05 08:00:00,700375,e3550777,2013-11-07,GRAND LARCENY,H,120,STATEN ISLAND,N.Y. POLICE DEPT,958429,171508,40.6373969950001,-74.093036313
2013-09-05 08:00:00,700376,47f1d8da,2013-09-05,ROBBERY,P,79,BROOKLYN,N.Y. HOUSING POLICE,995302,190524,40.6896224540001,-73.960149132
2013-09-05 08:00:00,700377,3501271e,2013-09-05,GRAND LARCENY OF MOTOR VEHICLE,J,90,BROOKLYN,N.Y. POLICE DEPT,1001034,199057,40.713034527,-73.9394589029999
2013-09-05 08:00:00,700378,e469afea,2013-09-09,GRAND LARCENY,H,94,BROOKLYN,N.Y. POLICE DEPT,995462,200548,40.717135781,-73.9595555019999
2013-09-05 08:00:00,700379,e79ffb82,2013-09-09,GRAND LARCENY,H,107,QUEENS,N.Y. POLICE DEPT,1043833,208682,40.7392680340001,-73.7849913169999
2013-09-05 08:00:00,700380,b66c57c9,2013-10-09,GRAND LARCENY,B,17,MANHATTAN,N.Y. POLICE DEPT,989692,212509,40.749971219,-73.9803604109999
2013-09-05 08:00:00,700381,7940146f,2013-10-28,GRAND LARCENY,A,19,MANHATTAN,N.Y. POLICE DEPT,993407,218724,40.7670267410001,-73.9669439259999
2012-02-21 10:00:00,700382,c10dc29b,2012-02-25,BURGLARY,K,122,STATEN ISLAND,N.Y. POLICE DEPT,945594,149490,40.5769154390001,-74.139155624
2012-02-21 10:00:00,700383,1fd51d31,2012-03-31,GRAND LARCENY,B,63,BROOKLYN,N.Y. POLICE DEPT,1007947,158836,40.602620947,-73.914663965
2012-02-21 10:00:00,700384,19c335f,2012-02-21,GRAND LARCENY OF MOTOR VEHICLE,E,81,BROOKLYN,N.Y. POLICE DEPT,1003593,190280,40.6889384950001,-73.930253395
2012-02-21 10:00:00,700385,69a84851,2012-02-22,GRAND LARCENY,A,114,QUEENS,N.Y. POLICE DEPT,1009645,213978,40.753968462,-73.908341365
2012-02-21 10:00:00,700386,29f6eb39,2012-02-21,BURGLARY,J,114,QUEENS,N.Y. POLICE DEPT,1003713,216924,40.7620695250001,-73.92974364
2012-02-21 10:00:00,700387,5f45652a,2012-03-03,GRAND LARCENY,I,111,QUEENS,N.Y. POLICE DEPT,1042023,221265,40.773817078,-73.791414704
2012-02-21 10:00:00,700388,d9e17d9a,2012-03-13,GRAND LARCENY,E,25,MANHATTAN,N.Y. POLICE DEPT,1001525,233875,40.808600041,-73.937598323
2012-02-21 10:00:00,700389,8ca95242,2012-03-05,GRAND LARCENY,B,34,MANHATTAN,N.Y. POLICE DEPT,1001676,249161,40.8505554340001,-73.937013157
2012-02-21 10:00:00,700390,e1461b64,2012-02-21,GRAND LARCENY,H,50,BRONX,N.Y. POLICE DEPT,1009185,262140,40.886160809,-73.9098227269999
2012-02-21 10:05:00,700391,864f1a5b,2012-02-21,ROBBERY,G,67,BROOKLYN,N.Y. POLICE DEPT,1000401,176197,40.6502902070001,-73.94179702
2012-02-21 10:30:00,700392,6953da2f,2012-02-21,GRAND LARCENY,K,61,BROOKLYN,N.Y. POLICE DEPT,995834,161062,40.608754973,-73.95828139
2012-02-21 10:30:00,700393,e787af1,2012-02-21,BURGLARY,R,120,STATEN ISLAND,N.Y. POLICE DEPT,940255,166844,40.624523692,-74.158487989
2012-02-21 10:30:00,700394,c58cbae7,2012-02-21,FELONY ASSAULT,H,43,BRONX,N.Y. POLICE DEPT,1018877,241924,40.830641293,-73.874875576
2012-02-21 10:43:00,700395,430d7e71,2012-02-21,GRAND LARCENY OF MOTOR VEHICLE,B,49,BRONX,N.Y. POLICE DEPT,1025249,249029,40.850115144,-73.8518067369999
2012-02-21 11:00:00,700396,6307b658,2012-02-21,BURGLARY,C,60,BROOKLYN,N.Y. POLICE DEPT,993153,152671,40.5857264690001,-73.967948131
2012-02-21 11:00:00,700397,6f015cb2,2012-02-22,BURGLARY,D,71,BROOKLYN,N.Y. POLICE DEPT,998387,179552,40.659502392,-73.94904797
2012-02-21 11:00:00,700398,ec051f98,2012-02-21,GRAND LARCENY,A,78,BROOKLYN,N.Y. POLICE DEPT,987724,183284,40.6697565100001,-73.9874783079999
2012-02-21 11:00:00,700399,baa10ee9,2012-02-21,GRAND LARCENY,D,110,QUEENS,N.Y. POLICE DEPT,1018236,211286,40.746550762,-73.877346863
2012-02-21 11:10:00,700400,32924c91,2012-02-21,BURGLARY,J,41,BRONX,N.Y. POLICE DEPT,1013479,239278,40.8233982940001,-73.8943929439999
2012-02-21 11:15:00,700401,2d320e46,2012-02-21,BURGLARY,B,114,QUEENS,N.Y. POLICE DEPT,1012954,219529,40.7691944010001,-73.896374252
2013-10-10 18:40:00,700402,592a8609,2013-10-15,GRAND LARCENY,G,13,MANHATTAN,N.Y. TRANSIT POLICE,984338,208351,40.7385602210001,-73.999683896
2013-10-10 18:45:00,700403,c23fd1ad,2013-10-10,GRAND LARCENY,F,67,BROOKLYN,N.Y. POLICE DEPT,1001588,173046,40.6416391490001,-73.937527449
2013-10-10 18:45:00,700404,b2952cb6,2013-10-10,GRAND LARCENY,H,13,MANHATTAN,N.Y. POLICE DEPT,985355,209258,40.7410496420001,-73.996013862
2013-10-10 18:50:00,700405,e6a71b89,2013-10-10,FELONY ASSAULT,D,76,BROOKLYN,N.Y. POLICE DEPT,980411,186446,40.678435338,-74.013842139
2013-10-10 18:58:00,700406,f3f8ca82,2013-11-25,GRAND LARCENY,I,71,BROOKLYN,N.Y. POLICE DEPT,1001334,179795,40.660164179,-73.938425593
2013-10-10 19:00:00,700407,191faae9,2013-10-13,RAPE,D,123,STATEN ISLAND,N.Y. POLICE DEPT,914725,125837,40.5118043350001,-74.250034592
2013-10-10 19:00:00,700408,97de29fa,2013-10-10,ROBBERY,B,60,BROOKLYN,N.Y. POLICE DEPT,993449,149739,40.577678405,-73.966886438
2013-10-10 19:00:00,700409,a4861cc0,2013-10-11,BURGLARY,E,71,BROOKLYN,N.Y. POLICE DEPT,997909,180451,40.6619707,-73.9507689869999
2013-10-10 19:00:00,700410,c1e99b48,2013-10-11,GRAND LARCENY,G,113,QUEENS,N.Y. POLICE DEPT,1042726,185011,40.6743042950001,-73.789191563
2013-10-10 19:00:00,700411,4f9f1017,2013-10-10,GRAND LARCENY,A,84,BROOKLYN,N.Y. POLICE DEPT,986411,190669,40.690027081,-73.992209067
2013-10-10 19:00:00,700412,30c5bb67,2013-10-10,GRAND LARCENY,G,13,MANHATTAN,N.Y. POLICE DEPT,985118,208831,40.73987766,-73.996869174
2013-10-10 19:15:00,700413,9faa9c77,2013-10-10,ROBBERY,M,104,QUEENS,N.Y. POLICE DEPT,1019785,197914,40.709841827,-73.871827181
2013-10-10 19:15:00,700414,956b4dad,2013-10-10,ROBBERY,D,111,QUEENS,N.Y. POLICE DEPT,1043228,209628,40.7418686170001,-73.7871662049999
2013-10-10 19:20:00,700415,b656ac26,2013-10-10,ROBBERY,I,77,BROOKLYN,N.Y. HOUSING POLICE,1003812,183893,40.6714071500001,-73.9294822529999
2013-10-10 19:20:00,700416,24a56f82,2013-10-11,ROBBERY,A,33,MANHATTAN,N.Y. POLICE DEPT,1000490,244863,40.838760946,-73.941310498
2013-10-10 19:25:00,700417,cea6f90a,2013-10-10,FELONY ASSAULT,D,83,BROOKLYN,N.Y. POLICE DEPT,1006599,191909,40.6934026440001,-73.9194087979999
2013-10-10 19:30:00,700418,bbb350ec,2013-10-10,BURGLARY,C,121,STATEN ISLAND,N.Y. POLICE DEPT,947436,171734,40.6379784470001,-74.132646043
2013-10-10 19:30:00,700419,d9e7c595,2013-10-10,ROBBERY,E,72,BROOKLYN,N.Y. POLICE DEPT,982518,175733,40.6490311840001,-74.006243048
2013-10-10 19:30:00,700420,2436ca7a,2013-10-11,GRAND LARCENY,B,69,BROOKLYN,N.Y. POLICE DEPT,1014012,176600,40.651361072,-73.892744422
2013-10-10 19:30:00,700421,57afe7a4,2013-10-11,GRAND LARCENY,F,106,QUEENS,N.Y. POLICE DEPT,1032342,188316,40.683438256,-73.826602883
2013-10-10 19:30:00,700422,fb244b23,2013-10-16,GRAND LARCENY,G,76,BROOKLYN,N.Y. POLICE DEPT,986594,188888,40.685138597,-73.991549804
2014-10-27 07:55:00,700423,22721347,2015-05-20,FELONY ASSAULT,A,41,BRONX,DEPT OF CORRECTIONS,1016268,227533,40.7911518670001,-73.884371919
2014-10-27 08:00:00,700424,d2c15239,2014-10-28,GRAND LARCENY,C,60,BROOKLYN,N.Y. POLICE DEPT,994193,150972,40.5810619440001,-73.964206337
2014-10-27 08:00:00,700425,85badd73,2014-10-27,GRAND LARCENY,C,62,BROOKLYN,N.Y. POLICE DEPT,987153,155037,40.592224662,-73.989548804
2014-10-27 08:00:00,700426,b4af513b,2015-01-30,GRAND LARCENY,D,71,BROOKLYN,N.Y. POLICE DEPT,996839,177968,40.6551569960001,-73.954630326
2014-10-27 08:00:00,700427,8e76a91f,2014-10-27,ROBBERY,J,71,BROOKLYN,N.Y. POLICE DEPT,999020,180686,40.662613939,-73.946763988
2014-10-27 08:00:00,700428,8f8de531,2014-11-07,GRAND LARCENY,E,20,MANHATTAN,N.Y. POLICE DEPT,991239,222670,40.777859461,-73.97476648
2014-10-27 08:00:00,700429,9762d702,2014-10-28,GRAND LARCENY,A,25,MANHATTAN,N.Y. HOUSING POLICE,1002206,230919,40.8004852770001,-73.935146227
2014-10-27 08:00:00,700430,d90278ab,2014-10-29,GRAND LARCENY OF MOTOR VEHICLE,D,43,BRONX,N.Y. POLICE DEPT,1024058,238894,40.822302984,-73.856171859
2014-10-27 08:00:00,700431,cf2d510e,2015-05-12,GRAND LARCENY,I,41,BRONX,N.Y. POLICE DEPT,1013311,240608,40.827049319,-73.894994191
2014-10-27 08:05:00,700432,a19bd6e0,2014-10-27,FELONY ASSAULT,A,41,BRONX,DEPT OF CORRECTIONS,1016268,227533,40.7911518670001,-73.884371919
2014-10-27 08:07:00,700433,bcd885bb,2014-10-27,FELONY ASSAULT,F,72,BROOKLYN,N.Y. POLICE DEPT,980664,174713,40.646230947,-74.01292376
2014-10-27 08:10:00,700434,528e0148,2014-10-27,FELONY ASSAULT,J,79,BROOKLYN,N.Y. POLICE DEPT,997880,192557,40.695198976,-73.950849032
2014-10-27 08:15:00,700435,c280ff20,2014-10-28,ROBBERY,H,84,BROOKLYN,N.Y. POLICE DEPT,986654,189004,40.6854569750001,-73.991333423
2014-10-27 08:15:00,700436,19db8f26,2014-10-30,GRAND LARCENY,E,84,BROOKLYN,N.Y. TRANSIT POLICE,987772,191476,40.6922416740001,-73.987300996
2014-10-27 08:15:00,700437,9511cac2,2014-10-28,ROBBERY,C,34,MANHATTAN,N.Y. POLICE DEPT,1004370,252431,40.85952488,-73.927265571
2014-10-27 08:20:00,700438,63f1205b,2014-10-27,BURGLARY,D,104,QUEENS,N.Y. POLICE DEPT,1013125,196287,40.70540034,-73.895856663
2014-10-27 08:30:00,700439,81927537,2014-10-27,ROBBERY,D,73,BROOKLYN,N.Y. POLICE DEPT,1008167,185459,40.675694773,-73.913777335
2014-10-27 08:30:00,700440,6c0e65e4,2014-10-29,GRAND LARCENY,D,19,MANHATTAN,N.Y. POLICE DEPT,996773,223149,40.7791680820001,-73.954784146
2014-10-27 08:45:00,700441,1b69bb3a,2014-10-27,BURGLARY,J,66,BROOKLYN,N.Y. POLICE DEPT,985107,173350,40.642490491,-73.9969133769999
2011-03-09 00:30:00,700442,12ab902f,2011-03-09,GRAND LARCENY OF MOTOR VEHICLE,A,75,BROOKLYN,N.Y. POLICE DEPT,1014600,186094,40.6774179870001,-73.8905826389999
2011-03-09 00:30:00,700443,193e0426,2011-03-09,FELONY ASSAULT,F,83,BROOKLYN,N.Y. TRANSIT POLICE,1002212,193214,40.6969945560001,-73.935225256
2011-03-09 00:30:00,700444,98465e5a,2011-03-09,FELONY ASSAULT,F,83,BROOKLYN,N.Y. TRANSIT POLICE,1002212,193214,40.6969945560001,-73.935225256
2011-03-09 00:40:00,700445,a4abec36,2011-03-09,FELONY ASSAULT,I,113,QUEENS,N.Y. POLICE DEPT,1046731,189586,40.6868342320001,-73.774710915
2011-03-09 00:54:00,700446,41056e68,2011-03-09,GRAND LARCENY,F,81,BROOKLYN,N.Y. POLICE DEPT,1002600,188628,40.6844062480001,-73.933838507
2011-03-09 01:00:00,700447,168b3026,2011-03-09,GRAND LARCENY OF MOTOR VEHICLE,P,113,QUEENS,N.Y. POLICE DEPT,1052435,194734,40.7009221440001,-73.754091742
2011-03-09 01:10:00,700448,72c9797c,2011-03-09,ROBBERY,G,81,BROOKLYN,N.Y. POLICE DEPT,1005901,189128,40.6857711750001,-73.921934788
2011-03-09 01:20:00,700449,356903ac,2011-03-09,FELONY ASSAULT,J,81,BROOKLYN,N.Y. POLICE DEPT,1007437,186037,40.677283194,-73.9164070969999
2011-03-09 01:20:00,700450,40b63b08,2011-03-09,GRAND LARCENY,D,14,MANHATTAN,N.Y. POLICE DEPT,987771,212687,40.750460758,-73.98729351
2011-03-09 01:45:00,700451,f7efa469,2011-03-09,FELONY ASSAULT,B,25,MANHATTAN,N.Y. POLICE DEPT,1001575,232339,40.8043840460001,-73.9374216689999
2011-03-09 01:50:00,700452,d1476b80,2011-03-09,ROBBERY,B,5,MANHATTAN,N.Y. POLICE DEPT,986079,199900,40.71536409,-73.993403724
2011-03-09 02:00:00,700453,101f22bc,2011-03-14,GRAND LARCENY OF MOTOR VEHICLE,E,113,QUEENS,N.Y. POLICE DEPT,1052454,187661,40.6815083160001,-73.754094827
2011-03-09 02:00:00,700454,a10929fc,2011-03-09,GRAND LARCENY OF MOTOR VEHICLE,G,114,QUEENS,N.Y. POLICE DEPT,1006836,221440,40.774457344,-73.918455022
2011-03-09 02:28:00,700455,abe3b0e7,2011-03-09,GRAND LARCENY OF MOTOR VEHICLE,E,102,QUEENS,N.Y. POLICE DEPT,1022204,188797,40.6848077650001,-73.863153268
2011-03-09 02:30:00,700456,82d06c21,2011-03-11,GRAND LARCENY,J,114,QUEENS,N.Y. TRANSIT POLICE,1004921,216892,40.7619789520001,-73.925383086
2011-03-09 03:00:00,700457,ed063970,2011-03-18,GRAND LARCENY OF MOTOR VEHICLE,C,106,QUEENS,N.Y. POLICE DEPT,1024831,181265,40.6641224900001,-73.853726636
2011-03-09 03:00:00,700458,971598b,2011-03-11,BURGLARY,E,79,BROOKLYN,N.Y. POLICE DEPT,998729,192685,40.695548957,-73.9477871
2011-03-09 03:12:00,700459,49702f5f,2011-03-09,GRAND LARCENY,A,109,QUEENS,N.Y. POLICE DEPT,1032602,208817,40.739707106,-73.8255182089999
2011-03-09 04:00:00,700460,f910ab14,2011-03-09,BURGLARY,C,72,BROOKLYN,N.Y. POLICE DEPT,983766,178564,40.6568018190001,-74.0017458359999
2011-03-09 04:00:00,700461,6ffa5f44,2011-03-09,FELONY ASSAULT,F,32,MANHATTAN,N.Y. POLICE DEPT,1002148,238669,40.8217569880001,-73.935335054
2011-02-28 12:00:00,700462,c277f542,2011-02-28,BURGLARY,B,69,BROOKLYN,N.Y. POLICE DEPT,1012374,175670,40.6488137790001,-73.898651359
2011-02-28 12:00:00,700463,1f52177b,2011-03-01,BURGLARY,J,73,BROOKLYN,N.Y. HOUSING POLICE,1006527,180807,40.662930353,-73.9197051319999
2011-02-28 12:00:00,700464,bf87918e,2011-03-11,BURGLARY,J,79,BROOKLYN,N.Y. POLICE DEPT,997530,191797,40.693113483,-73.952112698
2011-02-28 12:00:00,700465,f3456d87,2011-05-17,GRAND LARCENY,A,114,QUEENS,N.Y. POLICE DEPT,1010512,214419,40.755176363,-73.905210317
2011-02-28 12:15:00,700466,8d703016,2011-02-28,GRAND LARCENY,C,48,BRONX,N.Y. POLICE DEPT,1011779,246746,40.843901255,-73.900504632
2011-02-28 12:15:00,700467,4c2a1d6b,2011-02-28,FELONY ASSAULT,M,67,BROOKLYN,N.Y. POLICE DEPT,1006544,180310,40.661566156,-73.9196454999999
2011-02-28 12:15:00,700468,36f5678,2011-03-01,GRAND LARCENY OF MOTOR VEHICLE,B,102,QUEENS,N.Y. POLICE DEPT,1031247,191931,40.6933664650001,-73.8305257439999
2011-02-28 12:15:00,700469,5fc74381,2011-02-28,BURGLARY,A,112,QUEENS,N.Y. POLICE DEPT,1026156,198572,40.7116199990001,-73.848843018
2011-02-28 12:30:00,700470,a30fcf91,2011-02-28,GRAND LARCENY,G,20,MANHATTAN,N.Y. POLICE DEPT,990306,225197,40.784796096,-73.9781329579999
2011-02-28 12:45:00,700471,dd45ac4a,2011-02-28,GRAND LARCENY OF MOTOR VEHICLE,B,122,STATEN ISLAND,N.Y. POLICE DEPT,939399,137840,40.5449093060001,-74.1613791249999
2011-02-28 13:00:00,700472,a1bf5022,2011-02-28,BURGLARY,A,70,BROOKLYN,N.Y. POLICE DEPT,996622,164211,40.617397264,-73.955437622
2011-02-28 13:00:00,700473,e247373,2011-02-28,FELONY ASSAULT,D,25,MANHATTAN,N.Y. HOUSING POLICE,1001883,233380,40.8072406960001,-73.936306406
2011-02-28 13:26:00,700474,85e279c,2011-02-28,BURGLARY,F,47,BRONX,N.Y. POLICE DEPT,1024693,261681,40.8848435560001,-73.85374009
2011-02-28 13:30:00,700475,819898a,2011-02-28,BURGLARY,C,60,BROOKLYN,N.Y. POLICE DEPT,992172,153197,40.587171165,-73.9714793909999
2011-02-28 13:30:00,700476,48dbbe1,2011-03-01,GRAND LARCENY OF MOTOR VEHICLE,D,94,BROOKLYN,N.Y. POLICE DEPT,1000267,200725,40.717614209,-73.942221623
2011-02-28 13:30:00,700477,5f267d42,2011-02-28,GRAND LARCENY,J,18,MANHATTAN,N.Y. POLICE DEPT,986131,218090,40.7652911160001,-73.993211061
2011-02-28 13:40:00,700478,15c5861d,2011-02-28,ROBBERY,H,113,QUEENS,N.Y. POLICE DEPT,1042162,188245,40.683184576,-73.7911970229999
2011-02-28 13:45:00,700479,e7298089,2011-02-28,GRAND LARCENY,B,10,MANHATTAN,N.Y. POLICE DEPT,985063,210590,40.7447056830001,-73.997067435
2011-02-28 13:50:00,700480,2bc7e586,2011-02-28,FELONY ASSAULT,A,7,MANHATTAN,N.Y. HOUSING POLICE,987900,198758,40.7122290080001,-73.986835479
2011-02-28 13:50:00,700481,16a7cc36,2011-02-28,FELONY ASSAULT,A,7,MANHATTAN,N.Y. HOUSING POLICE,987900,198758,40.7122290080001,-73.986835479
2013-05-29 08:50:00,700482,9c57f5f2,2013-05-29,BURGLARY,B,70,BROOKLYN,N.Y. POLICE DEPT,997688,163683,40.6159464610001,-73.9515989509999
2013-05-29 09:00:00,700483,6f6b9c28,2013-06-03,GRAND LARCENY,I,122,STATEN ISLAND,N.Y. POLICE DEPT,963099,159638,40.60482871,-74.0761727939999
2013-05-29 09:00:00,700484,4f618046,2013-06-09,GRAND LARCENY,C,69,BROOKLYN,N.Y. POLICE DEPT,1010199,169847,40.6328375370001,-73.9065117659999
2013-05-29 09:00:00,700485,d438f825,2013-12-03,GRAND LARCENY,C,106,QUEENS,N.Y. POLICE DEPT,1026458,181705,40.6653225850001,-73.847859348
2013-05-29 09:00:00,700486,1177461c,2013-05-29,BURGLARY,D,106,QUEENS,N.Y. POLICE DEPT,1027653,185738,40.676386474,-73.843525916
2013-05-29 09:00:00,700487,900f1c60,2013-05-29,BURGLARY,H,106,QUEENS,N.Y. POLICE DEPT,1034176,187755,40.6818882860001,-73.8199944629999
2013-05-29 09:00:00,700488,e92ab647,2013-05-29,GRAND LARCENY,F,81,BROOKLYN,N.Y. POLICE DEPT,1003248,189819,40.6876739030001,-73.931498714
2013-05-29 09:00:00,700489,dff7530d,2013-06-02,GRAND LARCENY,C,6,MANHATTAN,N.Y. POLICE DEPT,984932,206521,40.7335372960001,-73.9975406089999
2013-05-29 09:00:00,700490,85f4a2c4,2013-05-31,GRAND LARCENY,A,24,MANHATTAN,N.Y. POLICE DEPT,991376,227057,40.789900501,-73.9742671669999
2013-05-29 09:21:00,700491,1b7bbee5,2013-05-30,GRAND LARCENY,D,43,BRONX,N.Y. POLICE DEPT,1023876,240229,40.8259679940001,-73.856821554
2013-05-29 09:25:00,700492,676aae28,2013-05-29,GRAND LARCENY,C,13,MANHATTAN,N.Y. TRANSIT POLICE,988874,207673,40.73669807,-73.983316026
2013-05-29 09:30:00,700493,871d005f,2013-05-29,BURGLARY,B,7,MANHATTAN,N.Y. POLICE DEPT,987011,199765,40.7149933060001,-73.990041791
2013-05-29 09:50:00,700494,386b7098,2013-05-29,GRAND LARCENY,A,48,BRONX,N.Y. POLICE DEPT,1011779,246746,40.843901255,-73.900504632
2013-05-29 09:55:00,700495,ab3efdb9,2013-05-29,ROBBERY,F,5,MANHATTAN,N.Y. POLICE DEPT,985112,201295,40.7191931780001,-73.99689179
2013-05-29 09:57:00,700496,a167a927,2013-06-04,GRAND LARCENY,I,90,BROOKLYN,N.Y. HOUSING POLICE,1000408,198094,40.710392486,-73.9417192929999
2013-05-29 10:00:00,700497,1eb5ed68,2013-05-29,GRAND LARCENY,A,60,BROOKLYN,N.Y. POLICE DEPT,995445,150152,40.5788097130001,-73.959700459
2013-05-29 10:00:00,700498,3c06dc71,2013-05-30,GRAND LARCENY,A,101,QUEENS,N.Y. POLICE DEPT,1056879,156497,40.5959349660001,-73.738476221
2013-05-29 10:00:00,700499,87e8b48,2013-05-30,GRAND LARCENY,A,78,BROOKLYN,N.Y. POLICE DEPT,986594,182307,40.667075233,-73.9915520919999
2013-05-29 10:00:00,700500,9e27df9f,2013-11-25,GRAND LARCENY,B,13,MANHATTAN,N.Y. POLICE DEPT,989870,207140,40.7352345400001,-73.9797224659999
